Image ID,Image Source,Image Link
a881873a-7ac5-380e-8e72-54b8e4efa7c4,Pinterest,"https://assets.myntassets.com/dpr_2,q_60,w_210,c_limit,fl_progressive/assets/images/22283762/2023/3/10/f4911411-78a7-4191-bebf-0843899d17a41678457596916AASKPinkColourblockedCrepeFitFlareMidiDress1.jpg"
c556ee63-a4d7-3e2f-bd2a-28fe1204dd1b,Pinterest,"https://assets.myntassets.com/dpr_2,q_60,w_210,c_limit,fl_progressive/assets/images/28521952/2024/3/26/dab8a9f7-a941-4642-a39e-898342c6431f1711476451660FLOWERVELLYGeorgetteFormalMidiDress1.jpg"
8c25743b-7ad1-3841-be32-81c0d590d7fc,Pinterest,"https://assets.myntassets.com/dpr_2,q_60,w_210,c_limit,fl_progressive/assets/images/27068864/2024/5/25/7d3bbd46-9c67-43a3-b420-9e0c10c3bd361716630413432-Taavi-Women-Ethnic-Dresses-821716630413045-1.jpg"
4d7212af-3ab5-3fac-a678-d5f8320957df,Pinterest,"https://assets.myntassets.com/dpr_2,q_60,w_210,c_limit,fl_progressive/assets/images/27620368/2024/2/15/fffa1488-ca38-4395-a155-fe14001fdeab1708005325354SangriaFloral-PrintedCottonA-LineDress6.jpg"
4f45eb85-8b8b-3c95-ad96-e061e549f1db,Pinterest,"https://assets.myntassets.com/dpr_2,q_60,w_210,c_limit,fl_progressive/assets/images/24956804/2023/9/14/8e74ca5a-8846-44af-893b-f3a846fe93d11694678152954SASSAFRASYellowMiniDress1.jpg"
8b60e042-8f91-3e04-bb23-7568c8f9cd88,Pinterest,"https://assets.myntassets.com/dpr_2,q_60,w_210,c_limit,fl_progressive/assets/images/27068848/2024/5/25/17825673-2d18-4ac2-ad6f-39813c3952551716630358926-Taavi-Women-Ethnic-Dresses-8631716630358532-1.jpg"
65e99333-6b9c-3850-b39e-e6d60785121a,Pinterest,"https://assets.myntassets.com/dpr_2,q_60,w_210,c_limit,fl_progressive/assets/images/24000858/2023/7/13/76e7b2a5-71cd-469d-84ee-24b9c11b4f551689239694366FUCHSIAKANTHAFLAREDDRESS1.jpg"
3872c3ad-f01e-3b4b-a7f5-11e20c36ca77,Pinterest,"https://assets.myntassets.com/dpr_2,q_60,w_210,c_limit,fl_progressive/assets/images/24575364/2023/8/21/d1aacbd1-7c6c-4c0d-9171-4a9f93bb6e6f1692619672229Fashion2wearGreenFlutterSleeveGeorgetteA-LineMidiDress1.jpg"
f9bfd82d-24a6-3b45-8d7b-551c649a5a64,Pinterest,"https://assets.myntassets.com/dpr_2,q_60,w_210,c_limit,fl_progressive/assets/images/29361958/2024/5/6/8c84753b-e227-49df-8236-3e5b49ddf8031714997782527EthnicDresses1.jpg"
d7e8e1c0-aee6-3885-a78a-c442c980356f,Pinterest,"https://assets.myntassets.com/dpr_2,q_60,w_210,c_limit,fl_progressive/assets/images/22283766/2023/3/10/a36bae2a-f089-4f92-9cd1-bc85339b48671678457561676AASKNavyBlueColourblockedCrepeFitFlareMidiDress1.jpg"
41eda924-fe4c-38a9-91f8-fb777f33f917,Pinterest,"https://assets.myntassets.com/dpr_2,q_60,w_210,c_limit,fl_progressive/assets/images/22283768/2023/3/10/74d549ef-c28a-454f-b036-84279d73ccf81678457562987AASKGreenCrepeFitFlareMidiDress1.jpg"
3509752e-22d5-338c-9fb9-96d55dfe1f32,Pinterest,"https://assets.myntassets.com/dpr_2,q_60,w_210,c_limit,fl_progressive/assets/images/27974140/2024/3/1/3daacc7a-65d6-456b-93a8-2ce8b9f4ade91709291115983V-neckMiniDress1.jpg"
306fb538-d1c2-3090-964f-30ec1e9cefa1,Pinterest,"https://assets.myntassets.com/dpr_2,q_60,w_210,c_limit,fl_progressive/assets/images/24454568/2023/8/11/a7bc841d-0db4-4661-abce-da0cbdca95391691745891824AmbraeeBlueFloralA-LineMaxiDress1.jpg"
c684fed4-ad40-3a20-b06e-f721ae6609f5,Pinterest,"https://assets.myntassets.com/dpr_2,q_60,w_210,c_limit,fl_progressive/assets/images/26833914/2024/1/8/25294673-5f62-4110-98f8-9359b06f87c71704725323714HMRoundNeckSweatshirtDresses1.jpg"
f46a7401-575f-3fdc-bad4-d2ca34c6aa7a,Pinterest,"https://assets.myntassets.com/dpr_2,q_60,w_210,c_limit,fl_progressive/assets/images/26053280/2023/11/25/24ab2a26-9181-4ee4-b833-accbe3595b7f1700906627355NabiaWomenBlueRayonPlusSizeSolidMaxiDress1.jpg"
aa548340-c8ef-3e29-8a9d-51312ba4f9b8,Pinterest,"https://assets.myntassets.com/dpr_2,q_60,w_210,c_limit,fl_progressive/assets/images/20554714/2022/11/10/7edae0e1-b2d3-4b12-8eb5-031a4051f1061668079918395-plusS-Women-Dresses-2701668079917747-1.jpg"
71197f48-8e75-353c-a104-5e8e5b309001,Pinterest,"https://assets.myntassets.com/dpr_2,q_60,w_210,c_limit,fl_progressive/assets/images/23439954/2023/5/27/28ed1e27-1656-4be1-9f68-54fba75400031685162369296STATUSMANTRAMulticolouredPrintT-shirtDress1.jpg"
24048100-856d-33f3-9c07-7701636c0c5d,Pinterest,"https://assets.myntassets.com/dpr_2,q_60,w_210,c_limit,fl_progressive/assets/images/20264864/2022/10/4/96fd9d7d-4903-4f41-8bae-6bce4cd1d3751664907067887Dresses1.jpg"
cb3abff9-aa65-3131-903a-1670ee1fedfc,Pinterest,"https://assets.myntassets.com/dpr_2,q_60,w_210,c_limit,fl_progressive/assets/images/28997528/2024/4/17/050ff09a-cc20-4c80-b3e6-7be69985dece1713336091647AthenaImmutableScubaFormalA-LineDress1.jpg"
5b867b8c-9fa5-3ed3-81a6-42bd41be6e5e,Pinterest,"https://assets.myntassets.com/dpr_2,q_60,w_210,c_limit,fl_progressive/assets/images/24222284/2023/7/27/7074a263-28ab-450d-b493-cc2ba6f504e41690450847434TrueShapePrintedFlaredWomensMaternityKurtaForNursingPregnanc1.jpg"
a72d9982-73d9-3637-a79f-d363556b85ec,Pinterest,"https://assets.myntassets.com/dpr_2,q_60,w_210,c_limit,fl_progressive/assets/images/productimage/2021/6/29/ddc39ed4-c52b-4f17-9515-d1b7ce6591221624950963998-1.jpg"
e886d05b-1cd4-31ac-8e89-0d4f7f399db3,Pinterest,"https://assets.myntassets.com/dpr_2,q_60,w_210,c_limit,fl_progressive/assets/images/20630908/2022/12/6/b7e61b51-71d3-45d5-b931-0c8ae56a3c621670327985928-Sangria-Women-Dresses-9411670327985484-1.jpg"
768aed71-da7d-36fe-bd0a-3d49093b1af3,Pinterest,"https://assets.myntassets.com/dpr_2,q_60,w_210,c_limit,fl_progressive/assets/images/27237884/2024/1/27/1dfc1c1c-6e50-4ff8-9d22-fbb1b96e4c941706353004413DUMMYSHAPEWomenGeometricDyedThreadWorkSummerSheersMaternityA1.jpg"
3b0d0f69-e614-36ba-aad5-c36970159080,Pinterest,"https://assets.myntassets.com/dpr_2,q_60,w_210,c_limit,fl_progressive/assets/images/24708892/2023/8/29/6d961082-eb16-4ebb-ae3c-97a6ea29cb4f1693289512253NabiaWomenBlueandWhitePlusSizePolkaPrintedDress1.jpg"
23706832-25ad-33fb-8998-2178df709f88,Pinterest,"https://assets.myntassets.com/dpr_2,q_60,w_210,c_limit,fl_progressive/assets/images/26616758/2024/4/3/702a4abd-d725-4a97-b40e-9a8f7590aab01712124514975-all-about-you-Women-Dresses-6311712124514509-1.jpg"
7a52887a-1ee8-3da4-b74f-9eb700ce0e49,Pinterest,"https://assets.myntassets.com/dpr_2,q_60,w_210,c_limit,fl_progressive/assets/images/24708894/2023/8/29/9e9bf8dc-0b1d-4cd3-86bd-aaf46620f6661693287686135NabiaWomenWhitePlusSizeFloralPrintedMaxiDress1.jpg"
b584bb12-b872-34a7-a148-7b5f5206e30f,Pinterest,"https://assets.myntassets.com/dpr_2,q_60,w_210,c_limit,fl_progressive/assets/images/20042222/2022/9/17/40f86b59-2fca-484d-8644-a0676b9111331663398319838AawariBlackDress1.jpg"
970517d1-7550-3496-a234-25df26522575,Pinterest,"https://assets.myntassets.com/dpr_2,q_60,w_210,c_limit,fl_progressive/assets/images/productimage/2020/7/8/a4622a59-f215-4f95-ac4c-55b351138dee1594161141058-1.jpg"
1b1e1a7b-1047-3f9d-86d4-a78a58178deb,Pinterest,"https://assets.myntassets.com/dpr_2,q_60,w_210,c_limit,fl_progressive/assets/images/19236410/2022/7/23/a7431980-18e9-4a67-9bf8-c745053379b61658584252649DigitalPrintdesignerDressForWomen1.jpg"
d4308e97-5516-3714-855e-2d71a39ba24b,Pinterest,"https://assets.myntassets.com/dpr_2,q_60,w_210,c_limit,fl_progressive/assets/images/24222280/2023/7/27/04b94787-2df0-4f57-a35f-d39b4f0c0f4e1690446490242TrueShapePrintedFlaredWomensMaternityKurtaForNursingPregnanc1.jpg"
1f15dc3a-4281-3cb9-a01e-4dba5f296181,Pinterest,"https://assets.myntassets.com/dpr_2,q_60,w_210,c_limit,fl_progressive/assets/images/20630910/2022/12/6/4f2390b1-8f2e-4e56-b938-6ee5e71970701670328156290-Sangria-Women-Dresses-5351670328155740-1.jpg"
69e1ba8b-c23e-34a7-929f-5a7f95687209,Pinterest,"https://assets.myntassets.com/dpr_2,q_60,w_210,c_limit,fl_progressive/assets/images/20457910/2022/10/19/0e9d574b-ee85-452a-b40b-8b8aea02da6a1666164758635SolidAdjustableStrapPolyRayonShortDress1.jpg"
e8f225e3-2b35-3372-b859-691facd5ae87,Pinterest,"https://assets.myntassets.com/dpr_2,q_60,w_210,c_limit,fl_progressive/assets/images/20740712/2022/11/14/24df4f91-c558-464f-8e64-140a2350aece1668414642096KASMAsStylishOversizedDropShouldersWoolenSweaterDressforWome1.jpg"
4ea55ccc-271a-3d64-b03b-69d433d9e0e5,Pinterest,"https://assets.myntassets.com/dpr_2,q_60,w_210,c_limit,fl_progressive/assets/images/productimage/2020/1/9/430f5417-e55a-4343-acba-0863c80154281578529981362-1.jpg"
29e98397-1af2-36d7-92ab-8a1bebb77a37,Pinterest,"https://assets.myntassets.com/dpr_2,q_60,w_210,c_limit,fl_progressive/assets/images/23440614/2023/5/27/2c82703d-883e-42e4-8c26-0b1f02323ac51685166355156STATUSMANTRAMulticolouredPrintT-shirtDress1.jpg"
44791d9c-8c54-37c1-aa5c-16c7dcac0d2b,Pinterest,"https://assets.myntassets.com/dpr_2,q_60,w_210,c_limit,fl_progressive/assets/images/20856358/2022/11/28/b7e68fe4-10da-4566-9f2b-e2213b1ccb9a1669618656493-ANWAIND-Women-Clothing-Set-6651669618655921-1.jpg"
6e9ffa1e-f13f-3191-83a7-d3f237017e28,Pinterest,"https://assets.myntassets.com/dpr_2,q_60,w_210,c_limit,fl_progressive/assets/images/21130128/2022/12/8/62387198-2952-4933-86fe-0f6cbc84033b1670509478894KiboWomensPeacockBluePuffedSleeveAsymmetricDress1.jpg"
cf4c948b-d9af-3085-8568-150340be3087,Pinterest,"https://assets.myntassets.com/dpr_2,q_60,w_210,c_limit,fl_progressive/assets/images/productimage/2021/2/3/49a7de7f-24d1-4447-a9e4-2c9425c951f41612335480445-1.jpg"
f6d3f56d-4952-3b18-8680-ba1164b66f08,Pinterest,"https://assets.myntassets.com/dpr_2,q_60,w_210,c_limit,fl_progressive/assets/images/28886102/2024/4/12/eb75776b-7b75-47e5-88f8-26330a59bcc71712913542019LULUSKYSheathDress1.jpg"
009c3e70-3cbb-38f0-a47c-ba175cf10edd,Pinterest,"https://assets.myntassets.com/dpr_2,q_60,w_210,c_limit,fl_progressive/assets/images/20265184/2022/10/6/2fd55694-3bda-4f6b-9b65-d0f7cdd10bfe1665040164326-Trendyol-Burgundy-Bodycon-Mini-Dress-1181665040164084-1.jpg"
24ad3e8c-f575-3842-b964-4c19398c59e1,Pinterest,"https://assets.myntassets.com/dpr_2,q_60,w_210,c_limit,fl_progressive/assets/images/23439960/2023/5/27/d24d0efd-6c9a-4a38-996b-5d29e5b64a181685176188471STATUSMANTRAMulticolouredPrintT-shirtDress1.jpg"
2459585e-d412-3d29-a518-162c6abd40e0,Pinterest,"https://assets.myntassets.com/dpr_2,q_60,w_210,c_limit,fl_progressive/assets/images/23431934/2023/5/26/cf106696-cf21-46d8-bf3f-6ab756e32e021685124333566STATUSMANTRAMulticolouredPrintT-shirtDress1.jpg"
404be581-7a02-3b14-99a1-0db2eff18f06,Pinterest,"https://assets.myntassets.com/dpr_2,q_60,w_210,c_limit,fl_progressive/assets/images/29961432/2024/6/13/8cc783a5-03ac-4077-b08b-2951389ae7371718303328999SHECZZARPUCoatedSheathMiniDress1.jpg"
f2687ad0-d8a9-390f-83ef-0d4c0c26477e,Pinterest,"https://assets.myntassets.com/dpr_2,q_60,w_210,c_limit,fl_progressive/assets/images/29672272/2024/5/21/6009a5ef-546c-4e70-b37d-467c0b9fef511716288950946BAESDScubaDress1.jpg"
d333fe7f-e7df-39b2-a47a-8d2238571e7e,Pinterest,"https://assets.myntassets.com/dpr_2,q_60,w_210,c_limit,fl_progressive/assets/images/24026906/2023/7/14/2d0ddfe9-9a59-420f-b5e5-de75c49094d41689337563578EthnicDresses1.jpg"
c8b56af7-a546-325b-b5ce-7bd2d0351db2,Pinterest,"https://assets.myntassets.com/dpr_2,q_60,w_210,c_limit,fl_progressive/assets/images/22327120/2023/3/14/1ab4845e-8d1d-434a-adb1-ed5d03cdf1a61678797505693DustyPinkFoilPrintPeplumMaxiKurta1.jpg"
cf68e8dd-e921-30b3-bc59-fdf8001d9842,Pinterest,"https://assets.myntassets.com/dpr_2,q_60,w_210,c_limit,fl_progressive/assets/images/21498186/2023/1/10/cd591159-4afa-4c89-8e44-1e6dbc9f06471673359929488GreenBandhaniPrintedCowlNeckKurta1.jpg"
e60d1e42-99e3-3fe4-a5a1-58516c130d3b,Pinterest,"https://assets.myntassets.com/dpr_2,q_60,w_210,c_limit,fl_progressive/assets/images/27750968/2024/2/21/d5334f91-b0d7-4507-9ddc-ef13fc8fde181708508623990EthnicDresses1.jpg"
af6b0122-7cc7-3df2-9776-f85006fa36ea,Pinterest,"https://assets.myntassets.com/dpr_2,q_60,w_210,c_limit,fl_progressive/assets/images/29658624/2024/5/21/f2d3a504-743d-4a1c-8ff0-519b6924b4d31716277699580EthnicDresses1.jpg"
7f708408-ffcc-32cb-8a72-05b59d59f73a,Pinterest,"https://assets.myntassets.com/dpr_2,q_60,w_210,c_limit,fl_progressive/assets/images/28782334/2024/4/8/20febfed-d846-4e13-9f74-c6826c9afedd1712578209376SouchiiDress1.jpg"
0461d17a-c093-3f0d-af3a-7a3d51a64117,Pinterest,"https://assets.myntassets.com/dpr_2,q_60,w_210,c_limit,fl_progressive/assets/images/25198044/2023/9/27/18848baf-b4e5-4298-b08b-f9eaff11575c1695807770247SangriaStripedALineEthnicDresses1.jpg"
18727f04-ba7e-3786-be1a-e2c8c9d12000,Pinterest,"https://assets.myntassets.com/dpr_2,q_60,w_210,c_limit,fl_progressive/assets/images/26127778/2023/11/29/d5b129b6-bfdf-48cc-bb81-51997a416baf1701266613126MustardOrganzaFloralPrintEmbellishedAngrakhaGown1.jpg"
621b02c4-cc93-37e4-8b02-36926dc45ee1,Pinterest,"https://assets.myntassets.com/dpr_2,q_60,w_210,c_limit,fl_progressive/assets/images/29642444/2024/5/18/962cea1a-553e-4e62-b4c1-cc701df2f7cc1716038832242OchreGeorgetteAnarkaliDresswithDupatta1.jpg"
71f0bcd2-8955-3ada-9e93-d2dc7e69533e,Pinterest,"https://assets.myntassets.com/dpr_2,q_60,w_210,c_limit,fl_progressive/assets/images/29642446/2024/5/21/9e264525-b753-4f95-a463-022ff776761f1716294636988BunaaiCottonTieredMaxiEthnicDresses1.jpg"
da9a5cf6-d73b-336b-ae62-9f560c281117,Pinterest,"https://assets.myntassets.com/dpr_2,q_60,w_210,c_limit,fl_progressive/assets/images/19554320/2022/8/19/b5e7299e-4dfb-4257-9a4f-af72368b5d2a1660902184483TrendyolNavyBlueBodyconDress1.jpg"
3493e1f5-e982-39ab-8997-3c99323acce7,Pinterest,"https://assets.myntassets.com/dpr_2,q_60,w_210,c_limit,fl_progressive/assets/images/29760148/2024/5/27/6016fa99-8278-4062-bb71-e583e74401451716769955886Kurtis1.jpg"
22968987-0257-33b2-9d1a-8339ec89822b,Pinterest,"https://assets.myntassets.com/dpr_2,q_60,w_210,c_limit,fl_progressive/assets/images/27361894/2024/5/25/3fcb26c3-70d8-4d02-b90a-83b207e1b9801716630424635-Taavi-Women-Ethnic-Dresses-1701716630424232-1.jpg"
cca1ff70-b2eb-3ac0-8c20-e9c278ed2c76,Pinterest,"https://assets.myntassets.com/dpr_2,q_60,w_210,c_limit,fl_progressive/assets/images/29190356/2024/4/25/3ba25bd8-2377-48dc-866a-78a3223830981714042937962ColourMebyMelangeFloralPrintMaxiDress1.jpg"
7186d231-d5f1-3cb3-b6c6-01176cd1c66e,Pinterest,"https://assets.myntassets.com/dpr_2,q_60,w_210,c_limit,fl_progressive/assets/images/29450012/2024/5/10/868847ef-bedf-4441-9cba-2e984755c2da1715315390476WhiteAndBlackRayonShiboriPrintedEthnicDress1.jpg"
4aaa6a75-d652-3b38-92b8-86a588e4517b,Pinterest,"https://assets.myntassets.com/dpr_2,q_60,w_210,c_limit,fl_progressive/assets/images/29054978/2024/4/18/e1668837-f360-4b69-95a5-d636726ddccf1713447919998EthnicDresses1.jpg"
23e8aa1e-c2eb-3b5f-9c8f-7ee00f4301c5,Pinterest,"https://assets.myntassets.com/dpr_2,q_60,w_210,c_limit,fl_progressive/assets/images/17716880/2022/4/12/fd6de693-033e-4185-980b-4f097a6bdf871649762757196-plusS-Women-Dresses-1121649762756739-1.jpg"
3f6db16e-b127-367a-af2c-4cf029bceaa9,Pinterest,"https://assets.myntassets.com/dpr_2,q_60,w_210,c_limit,fl_progressive/assets/images/29607266/2024/5/18/b62d58f0-6625-4f7f-a965-848f46e91cd01715979439901EthnicDresses1.jpg"
dfade575-71a7-365c-8851-098d6f97844d,Pinterest,"https://assets.myntassets.com/dpr_2,q_60,w_210,c_limit,fl_progressive/assets/images/29450024/2024/5/10/d63569c8-f128-433a-9fd5-c937821fe49a1715336934683CharukritiPrintedA-LineMidiEthnicDresses1.jpg"
867adbce-f009-306f-a407-46226ffb7ef7,Pinterest,"https://assets.myntassets.com/dpr_2,q_60,w_210,c_limit,fl_progressive/assets/images/23662870/2023/6/17/33d1187a-3919-4c8d-8e57-5de7bf6d932b1686988400555AthenaAmpleGreenPuffSleeveFitFlareDress1.jpg"
bc4e1cc3-ce57-334c-a989-ab70f98233d2,Pinterest,"https://assets.myntassets.com/dpr_2,q_60,w_210,c_limit,fl_progressive/assets/images/29716150/2024/5/23/4e821619-527f-4ba9-b1ec-309c8fb855f01716458811047EthnicDresses1.jpg"
89180c76-6630-3179-b38c-b687f2523cd8,Pinterest,"https://assets.myntassets.com/dpr_2,q_60,w_210,c_limit,fl_progressive/assets/images/29450022/2024/5/10/7a6db586-45a0-49e0-8eaa-53adf33622ab1715318304679YellowCottonSolidA-lineEthnicDressWithRuffle1.jpg"
6c288894-4a6c-3f42-8960-43612c1d749a,Pinterest,"https://assets.myntassets.com/dpr_2,q_60,w_210,c_limit,fl_progressive/assets/images/28885716/2024/4/12/111dbbde-0f18-4b24-b189-5e24ec25678d1712913022192LULUSKYSheathDress1.jpg"
39279bee-0e5e-350b-bcee-fe5d10aa2f35,Pinterest,"https://assets.myntassets.com/dpr_2,q_60,w_210,c_limit,fl_progressive/assets/images/27678012/2024/2/20/49071b22-8d02-417a-9084-f259a7cb788e1708421432614TrendyolBodyconDress1.jpg"
a4b6c3f6-f86f-3215-81ef-8cf3e541dc53,Pinterest,"https://assets.myntassets.com/dpr_2,q_60,w_210,c_limit,fl_progressive/assets/images/17392810/2022/3/30/576f320f-6902-44e8-934b-4e4b1ece5f561648616503007-plusS-Women-Dresses-7601648616502580-1.jpg"
9f0909cb-6ff3-32ee-97a3-a33319c3a142,Pinterest,"https://assets.myntassets.com/dpr_2,q_60,w_210,c_limit,fl_progressive/assets/images/27189390/2024/1/24/56fcfe71-a48f-448d-8ff9-51a0ec1144571706106803557KVSFABPeachGeorgetteSequenceEmbroideredFlaredA-LineGown5.jpg"
a5308e97-f758-366e-a235-936e59e08938,Pinterest,"https://assets.myntassets.com/dpr_2,q_60,w_210,c_limit,fl_progressive/assets/images/27737786/2024/2/21/2edf15b1-0b21-4ffa-a015-40c73a4d184d1708501416839PINACOLADACapeSleeveSheathDress1.jpg"
e2250239-6f00-3857-9daf-8bb021b54e56,Pinterest,"https://assets.myntassets.com/dpr_2,q_60,w_210,c_limit,fl_progressive/assets/images/25397830/2023/10/9/820a5573-0e29-4dde-a8d1-582f86d15fbc1696819084113plusSOrangeFloralPrintMaxiDress1.jpg"
aeae2050-983a-3c59-8826-6f7e04a8176e,Pinterest,"https://assets.myntassets.com/dpr_2,q_60,w_210,c_limit,fl_progressive/assets/images/27950194/2024/2/29/7f2d791b-cfb5-4925-adb6-83603da06d9e1709203321156WomenFitandFlarePrintedViscoseRayonEthnicDresses1.jpg"
1c7adc44-2971-39a1-a1f5-3004d9057c81,Pinterest,"https://assets.myntassets.com/dpr_2,q_60,w_210,c_limit,fl_progressive/assets/images/24666766/2023/8/25/965a6f73-a884-46fb-9699-5433feb1db601692970786298EthnicDresses1.jpg"
fc7ef09d-31c9-3f82-a2e4-3f4135b680b0,Pinterest,"https://assets.myntassets.com/dpr_2,q_60,w_210,c_limit,fl_progressive/assets/images/23433582/2023/5/26/23f04542-a059-4911-bf29-175a0e61ca3e1685119876195BibaYellowEthnicMotifsPrintA-LineMidiDress1.jpg"
8c8d9dfd-8e42-368d-bce0-cd54812fd524,Pinterest,"https://assets.myntassets.com/dpr_2,q_60,w_210,c_limit,fl_progressive/assets/images/29663414/2024/5/22/f4ec011b-2652-4033-83ad-8e3fa9d88c631716359436000MialofashionWomenFloralPrintedMaternityFeedingEthnicDresses1.jpg"
5fc86290-e763-390a-ae8d-80f4cfbb6fee,Pinterest,"https://assets.myntassets.com/dpr_2,q_60,w_210,c_limit,fl_progressive/assets/images/27532960/2024/2/13/96c8ce23-8fd2-40c2-adc0-64b1eb3f3ef41707799936754TrendyolDress1.jpg"
69fbc4cd-43ee-3168-a74e-edc4d5785f66,Pinterest,"https://assets.myntassets.com/dpr_2,q_60,w_210,c_limit,fl_progressive/assets/images/27731660/2024/2/20/1d909222-3924-48b4-b153-7697823243701708444687708DELANJacquardShirtDress1.jpg"
801b73c4-2358-361b-a724-b0a1faf4587e,Pinterest,"https://assets.myntassets.com/dpr_2,q_60,w_210,c_limit,fl_progressive/assets/images/22955580/2023/4/29/f4522260-9cd9-4b4e-948d-f4f405f34f5a1682763967454EthnicDresses1.jpg"
43abdc19-bd86-3a32-901d-67383509bf89,Pinterest,"https://assets.myntassets.com/dpr_2,q_60,w_210,c_limit,fl_progressive/assets/images/24403606/2023/9/5/ae3e3091-a6b9-4092-a88b-f8f417a942bc1693913652473DressesBoohooWomenTopsBoohooWomenDressesBoohooWomenJumpsuitB1.jpg"
a33800dd-37bb-32ae-9a43-01af1f12772a,Pinterest,"https://assets.myntassets.com/dpr_2,q_60,w_210,c_limit,fl_progressive/assets/images/19134290/2022/7/16/003d310b-f516-4c83-9af7-5c30379c6c3d1657951257851GreenGeoMixPrintA-LineDress1.jpg"
a7ed1b61-b92e-3ca0-90ed-32e365616fc0,Pinterest,"https://assets.myntassets.com/dpr_2,q_60,w_210,c_limit,fl_progressive/assets/images/24909928/2023/9/11/f4b12745-d6b7-498c-a574-857f5d9eca771694425312070NITVANWomenOrangeEthnicMotifsPrintedFlaredSleevesBlockPrintM1.jpg"
6480fc48-719a-38fe-8feb-984036330baa,Pinterest,"https://assets.myntassets.com/dpr_2,q_60,w_210,c_limit,fl_progressive/assets/images/24753364/2023/12/6/6c662ac0-2d5f-4897-b630-ce719c4984571701856905371-bebe-Women-Dresses-2691701856905046-1.jpg"
f25e779e-0346-3370-9d2a-927ebc450df5,Pinterest,"https://assets.myntassets.com/dpr_2,q_60,w_210,c_limit,fl_progressive/assets/images/25440318/2023/10/11/8ea5f1c8-1f35-44fd-a872-47f13de9351b1697012735654PUKHYAWomensViscosePrintedFullSleeveAnarkaliFitFlaredDress1.jpg"
b0aadbdd-6109-336a-afcb-1d4c7e53f824,Pinterest,"https://assets.myntassets.com/dpr_2,q_60,w_210,c_limit,fl_progressive/assets/images/28531366/2024/3/27/a9f70722-6d74-4591-b378-c2d026aa737f1711528713656EthnicDresses1.jpg"
75f9c2e3-087d-37d4-9924-717695804540,Pinterest,"https://assets.myntassets.com/dpr_2,q_60,w_210,c_limit,fl_progressive/assets/images/28774548/2024/5/15/3af4a183-8dab-4c2b-9510-a4b1494894ab1715758209580MANGOPrintedPuffSleeveA-LineMidiDress1.jpg"
036b8236-0151-3373-bfcc-cd306503cf45,Pinterest,"https://assets.myntassets.com/dpr_2,q_60,w_210,c_limit,fl_progressive/assets/images/24909456/2023/9/11/7ed0f46e-495a-4b33-9cba-c4c8b6703aa41694421419928NITVANWomenBlackEthnicMotifsPrintedFlaredSleevesBlockPrintMa1.jpg"
28f74f4e-9e4e-338f-b6a3-1bbea0e51f1c,Pinterest,"https://assets.myntassets.com/dpr_2,q_60,w_210,c_limit,fl_progressive/assets/images/29563632/2024/5/16/6b9c17bc-6afc-48ad-aa91-4aa00dfbd1511715844766439EthnicDresses1.jpg"
1d5390a6-f7be-3687-927f-52b1f4a29134,Pinterest,"https://assets.myntassets.com/dpr_2,q_60,w_210,c_limit,fl_progressive/assets/images/23788018/2023/6/28/f22eadeb-0def-407a-ad60-56aa659818651687931307371EthnicDresses1.jpg"
35ff8184-a489-3b49-9580-45c1942d336b,Pinterest,"https://assets.myntassets.com/dpr_2,q_60,w_210,c_limit,fl_progressive/assets/images/24953472/2023/9/13/7a0f93f3-e60d-4b3e-8947-835ae664c3e31694592846343EthnicDresses1.jpg"
6555e994-591e-37c6-bce1-f6352ff75f76,Pinterest,"https://assets.myntassets.com/dpr_2,q_60,w_210,c_limit,fl_progressive/assets/images/26530556/2024/4/24/bc6ce453-4727-4e59-99f2-09ad79bb2f161713958215257-Sztori-Women-Dresses-2361713958214658-1.jpg"
68eaf3f4-899d-3b61-824e-99e0580a341d,Pinterest,"https://assets.myntassets.com/dpr_2,q_60,w_210,c_limit,fl_progressive/assets/images/27361910/2024/5/30/3bb2adb1-0c91-4069-8474-4a660ed2001e1717063188334-Taavi-Women-Ethnic-Dresses-7281717063187922-1.jpg"
2f9c63bd-56da-3820-a549-c3bbae2241cf,Pinterest,"https://assets.myntassets.com/dpr_2,q_60,w_210,c_limit,fl_progressive/assets/images/21257216/2023/1/28/44ced093-2fc1-4538-9e04-e2ba70c2f2931674886274421-Twilldor-Floral-A-Line-Midi-Dress-3861674886273889-3.jpg"
a9e73c85-fac6-3ace-94bf-b6ea8f9c8f2b,Pinterest,"https://assets.myntassets.com/dpr_2,q_60,w_210,c_limit,fl_progressive/assets/images/22954260/2023/4/29/bd64d70e-030a-4ba3-82d4-04c4e3be968d1682741924051StyliNavyBlueCheckedMaxiDress1.jpg"
26b0c451-82b2-3c33-b2b6-58211cf5f49c,Pinterest,"https://assets.myntassets.com/dpr_2,q_60,w_210,c_limit,fl_progressive/assets/images/21498192/2023/1/10/14782d56-99f4-4759-862c-76c182c47cf41673355891841GreenDabuPrintLayeredMaxiKurta1.jpg"
7812fe3f-ac28-3c14-8d65-be996be4666e,Pinterest,"https://assets.myntassets.com/dpr_2,q_60,w_210,c_limit,fl_progressive/assets/images/25302242/2023/9/30/cc374092-5f1d-4649-8477-80720641cebd1696070185350HenalWomenMustardYellowGeometricPrintedThreadWorkMaternityAn1.jpg"
c4fd0926-6089-3a17-a1dd-3eb08a89fe22,Pinterest,"https://assets.myntassets.com/dpr_2,q_60,w_210,c_limit,fl_progressive/assets/images/18284560/2022/5/16/e9f2e206-093e-4f72-8a78-0813cca8fd701652699567597MissChasePinkEmbellishedGeorgetteMaxiDress4.jpg"
7da046c4-731b-38dd-80f4-8ae10f138434,Pinterest,"https://assets.myntassets.com/dpr_2,q_60,w_210,c_limit,fl_progressive/assets/images/25440332/2023/10/12/f8b46abf-fb10-4361-bf60-23dcc71e13a41697049037009PUKHYAYellowFloralPrintA-LineMidiDress1.jpg"
e552aef3-f0c9-37c6-bed1-28e7d5c088be,Pinterest,"https://assets.myntassets.com/dpr_2,q_60,w_210,c_limit,fl_progressive/assets/images/27361830/2024/6/12/f883534f-1598-4446-86e0-94e86cc413ec1718191773162-Taavi-Women-Ethnic-Dresses-8191718191772764-1.jpg"
998b4394-177a-3b80-862d-28831835de2f,Pinterest,"https://assets.myntassets.com/dpr_2,q_60,w_210,c_limit,fl_progressive/assets/images/26770354/2024/1/4/c8480678-6ba5-481e-9785-9a42a198f2c91704341974515StyleCastYellowDress1.jpg"
785ac6cb-d649-318e-b9bd-9fed9e465fb1,Pinterest,"https://assets.myntassets.com/dpr_2,q_60,w_210,c_limit,fl_progressive/assets/images/22939710/2023/4/28/873b30b4-d4ef-4f6f-8376-81656626fd5a1682676847651JuniperWomenSBabyPinkCottonVoilePrintedTieredMaxiDress1.jpg"
5d90d1f7-4853-3ae1-9615-8a799980f756,Pinterest,"https://assets.myntassets.com/dpr_2,q_60,w_210,c_limit,fl_progressive/assets/images/23722580/2023/6/22/c2897c8b-ac24-4c40-8d7d-d759541e2b451687429626945DEEBACOMaroonPuffSleeveMaxiDress1.jpg"
cc51312b-0416-3833-8e2e-cc7327750aee,Pinterest,"https://assets.myntassets.com/dpr_2,q_60,w_210,c_limit,fl_progressive/assets/images/27677982/2024/2/20/5f09fda8-0878-450b-b585-533dbd3509831708421434185TrendyolPrintMaxiDress1.jpg"
cedb13bd-56ae-3dc5-a456-1000d284f86d,Pinterest,"https://assets.myntassets.com/dpr_2,q_60,w_210,c_limit,fl_progressive/assets/images/26703996/2023/12/28/b2139437-7dd6-46e3-9507-5a6ba7672b521703758191327KurtaSets1.jpg"
06ec6ea5-3e27-3566-802e-75d1f26e62de,Pinterest,"https://assets.myntassets.com/dpr_2,q_60,w_210,c_limit,fl_progressive/assets/images/13391600/2021/2/9/33d62191-3477-4a4f-a043-bf3322f611381612864198974-Mast--Harbour-Women-Navy-Blue-Striped-A-Line-Dress-681612864-5.jpg"
3cf64d72-b17d-3993-8dda-a87f5d59eae8,Pinterest,"https://assets.myntassets.com/dpr_2,q_60,w_210,c_limit,fl_progressive/assets/images/23873642/2023/12/5/7c2d76d8-93a0-48fa-824a-98574f2e4e291701773070504-Taavi-Women-Ethnic-Dresses-2471701773070145-1.jpg"
04935aab-6edd-3cf1-9371-52826b616041,Pinterest,"https://assets.myntassets.com/dpr_2,q_60,w_210,c_limit,fl_progressive/assets/images/21513870/2023/12/15/67444f74-08a6-4814-aef4-b9d5a3e0fd571702638241974-Taavi-Women-Ethnic-Dresses-9231702638241554-1.jpg"
e2580397-c03a-34c7-856b-b56619dd0c6a,Pinterest,"https://assets.myntassets.com/dpr_2,q_60,w_210,c_limit,fl_progressive/assets/images/20195290/2022/9/28/b3769fb6-515b-4161-a91b-2b4337f522af1664353103009AthenaMaroonSideSlitEmbellishedDresswithBackKeyhole1.jpg"
bb1d58b8-b408-35e7-a41a-698f2ea9cd99,Pinterest,"https://assets.myntassets.com/dpr_2,q_60,w_210,c_limit,fl_progressive/assets/images/25440338/2023/10/11/753d32f0-7d1a-4569-9ff5-821bb97eb30f1697012745959PUKHYAWomensViscoseRoundNeckSolidEmbroideredTierDressFitFlar1.jpg"
acbbde7a-00a5-39be-a4c6-a05837b3c0f7,Pinterest,"https://assets.myntassets.com/dpr_2,q_60,w_210,c_limit,fl_progressive/assets/images/25509326/2023/10/17/3b2982d9-826b-4610-b36b-0f1d3dd52e461697522467909KALINIWomenBlueEthnicMotifsPrintedSequinnedFloralAnarkaliKur1.jpg"
6a8aa185-39b6-34e4-a22a-4b6cbd2029e2,Pinterest,"https://assets.myntassets.com/dpr_2,q_60,w_210,c_limit,fl_progressive/assets/images/28898586/2024/4/13/3e58179d-62bc-4f09-9820-fda515efd22a1712990213694SouchiiDress1.jpg"
6f7dc051-6cb2-3e87-bc78-2733133ae061,Pinterest,"https://assets.myntassets.com/dpr_2,q_60,w_210,c_limit,fl_progressive/assets/images/27950182/2024/2/29/984aa26f-2c36-4cd7-8664-43fb086f0eee1709208024537WomenA-LinePrintedCottonEthnicDresses1.jpg"
22970803-1313-3f1a-8682-dd026f4c2339,Pinterest,"https://assets.myntassets.com/dpr_2,q_60,w_210,c_limit,fl_progressive/assets/images/23523770/2023/6/5/a40ea635-d40e-434d-8f02-990590c9352c1685939871753StyliPinkCold-ShoulderMaxiDress1.jpg"
c18d638a-f5bf-3155-90e0-e575fa3c50ae,Pinterest,"https://assets.myntassets.com/dpr_2,q_60,w_210,c_limit,fl_progressive/assets/images/29627852/2024/5/17/8a3092f4-0ae3-4c78-bca5-76b8e5a925061715966223388LULUSKYMaxiDress1.jpg"
1760c9d9-4e0f-3dca-bbdb-845d373d9fe5,Pinterest,"https://assets.myntassets.com/dpr_2,q_60,w_210,c_limit,fl_progressive/assets/images/28206460/2024/3/12/173959f0-969e-4f1b-bea2-9727b2a0f16e1710239652115EthnicDresses1.jpg"
c9931abc-94b1-3506-8201-9690c37ab61a,Pinterest,"https://assets.myntassets.com/dpr_2,q_60,w_210,c_limit,fl_progressive/assets/images/20554706/2022/11/10/e333b78c-ab73-4c72-954a-cce6d3fec1ba1668077065337-plusS-Women-Dresses-1731668077064844-1.jpg"
2f5a9757-9a47-37ec-a793-8ee698d85652,Pinterest,"https://assets.myntassets.com/dpr_2,q_60,w_210,c_limit,fl_progressive/assets/images/28044878/2024/3/5/38054138-789c-4776-84aa-c1a01b3aab481709630420457SouchiiDress1.jpg"
613147f0-21f5-307b-8ce1-42f90394d9f6,Pinterest,"https://assets.myntassets.com/dpr_2,q_60,w_210,c_limit,fl_progressive/assets/images/21513964/2023/12/15/6069c8b0-01eb-4479-bc4e-74e17262ed301702638250609-Taavi-Women-Ethnic-Dresses-1471702638250212-1.jpg"
d92a8948-485b-3c77-af24-aa707c87671f,Pinterest,"https://assets.myntassets.com/dpr_2,q_60,w_210,c_limit,fl_progressive/assets/images/17650672/2022/4/1/34c45f03-aaf5-404d-a133-3283c8bb1c181648806890275-Athena-Pink-pleated-off-shoulder-maxi-dress-6651648806889771-1.jpg"
1389ec66-0a3b-3a41-bc94-24a4aee9dfdd,Pinterest,"https://assets.myntassets.com/dpr_2,q_60,w_210,c_limit,fl_progressive/assets/images/25358024/2023/10/6/0508b6eb-e8e9-4fc9-8a12-e99270eab2ce1696601415918HMSmokedBodyconDresses1.jpg"
ed1a0822-dad0-3d30-aa89-34533b9c2a0c,Pinterest,"https://assets.myntassets.com/dpr_2,q_60,w_210,c_limit,fl_progressive/assets/images/29928667/2024/6/8/ebe591f8-3468-4278-9947-d653d71d066b1717862890938PinkViscoseTieredFlaredDress1.jpg"
996a4457-b068-3225-8c59-524dd518f48c,Pinterest,"https://assets.myntassets.com/dpr_2,q_60,w_210,c_limit,fl_progressive/assets/images/20774520/2022/11/16/a3240ea8-f1f1-4ac3-a6a2-1bbdf72be7c51668594256331FloralPrintedMaternityNursingCottonKurta1.jpg"
41b54698-0cf8-3abb-bfe3-0b3c28f61342,Pinterest,"https://assets.myntassets.com/dpr_2,q_60,w_210,c_limit,fl_progressive/assets/images/24908982/2023/9/11/1d721f07-6105-4398-abfb-28230d8622821694421529359NITVANWomenMulticolouredFloralPrintedThreadWorkBlockPrintMat1.jpg"
493db623-5269-3779-bd95-71358d36c436,Pinterest,"https://assets.myntassets.com/dpr_2,q_60,w_210,c_limit,fl_progressive/assets/images/21794498/2023/2/1/949869b5-3de0-44d5-b06e-2bf4b5d7c44d1675246709740FrillSleeveFloralPrintLayeredMaxiDress1.jpg"
89e37c3a-a878-3e2a-8a40-48ada8d56fb1,Pinterest,"https://assets.myntassets.com/dpr_2,q_60,w_210,c_limit,fl_progressive/assets/images/28886076/2024/4/12/6351efe5-7843-412f-9f18-69609eb2c8bc1712913433325LULUSKYMaxiDress1.jpg"
d2200619-baba-3c6c-a1ab-0ef0031004d0,Pinterest,"https://assets.myntassets.com/dpr_2,q_60,w_210,c_limit,fl_progressive/assets/images/27677692/2024/2/20/95c3d0c9-ef82-4688-85c1-de7be113533b1708396858594TrendyolBodyconMidiDress1.jpg"
8ccecfba-5e47-3ef3-9aa5-b6e346e34536,Pinterest,"https://assets.myntassets.com/dpr_2,q_60,w_210,c_limit,fl_progressive/assets/images/29164032/2024/4/24/5d08501b-118c-4cc2-866e-e36122bfc4fe1713959858803AthenaStripedRuffledGeorgetteA-LineDress1.jpg"
d14a1b7e-a2e6-3c60-ba84-137c5dc31c8b,Pinterest,"https://assets.myntassets.com/dpr_2,q_60,w_210,c_limit,fl_progressive/assets/images/24937572/2023/9/13/0203cddd-e717-4286-a478-244bbff7a6901694589805902DressBerryTealEmbellishedFlaredSleeveGeorgetteA-LineMidiDres1.jpg"
8cb1d3a7-a8a3-3e6b-8fc9-77d8b6b11953,Pinterest,"https://assets.myntassets.com/dpr_2,q_60,w_210,c_limit,fl_progressive/assets/images/19816856/2022/9/8/92b3c63b-3629-4ce8-81f9-abac6a2ca4cf1662617059302KAAJHWomenTurquoiseBluePrintedCottonEthnicDresses1.jpg"
2385492b-f30f-3287-92e0-da55fc0a3898,Pinterest,"https://assets.myntassets.com/dpr_2,q_60,w_210,c_limit,fl_progressive/assets/images/28884866/2024/4/12/b7ff7052-bfdd-4008-89dc-e7321f83b5b31712912148530ColourMebyMelangeFloralPrintShirtMidiDress1.jpg"
c7aad9a1-0245-38b7-9319-b2b2483c7d27,Pinterest,"https://assets.myntassets.com/dpr_2,q_60,w_210,c_limit,fl_progressive/assets/images/29718182/2024/5/22/77cbefcc-dd60-47c5-96aa-a5bc2da5138c1716388436182WomensFloralPrintedRayonFlaredKurta1.jpg"
35117482-023f-3888-a1b3-b473f426b864,Pinterest,"https://assets.myntassets.com/dpr_2,q_60,w_210,c_limit,fl_progressive/assets/images/19180042/2022/7/20/eda7df9b-99eb-4880-b561-cbfcbbd4fc751658290629814Dresses1.jpg"
