product-base href,img-responsive src,product-brand,product-product
https://www.myntra.com/dresses/aask/aask-striped-midi-fit-and-flare-dresses/22283762/buy,"https://assets.myntassets.com/dpr_2,q_60,w_210,c_limit,fl_progressive/assets/images/22283762/2023/3/10/f4911411-78a7-4191-bebf-0843899d17a41678457596916AASKPinkColourblockedCrepeFitFlareMidiDress1.jpg",AASK,Striped Fit and Flare Dresses
https://www.myntra.com/dresses/flowervelly/flowervelly-v-neck-striped-fit-and-flare-dresses/28521952/buy,"https://assets.myntassets.com/dpr_2,q_60,w_210,c_limit,fl_progressive/assets/images/28521952/2024/3/26/dab8a9f7-a941-4642-a39e-898342c6431f1711476451660FLOWERVELLYGeorgetteFormalMidiDress1.jpg",FLOWERVELLY,V-Neck Fit and Flare Dresses
https://www.myntra.com/ethnic-dresses/taavi/-taavi-dabu-printed-fit-and-flared-pure-cotton-midi-ethnic-dresses-with-cut-out-detail--/27068864/buy,"https://assets.myntassets.com/dpr_2,q_60,w_210,c_limit,fl_progressive/assets/images/27068864/2024/5/25/7d3bbd46-9c67-43a3-b420-9e0c10c3bd361716630413432-Taavi-Women-Ethnic-Dresses-821716630413045-1.jpg",Taavi,Dabu Pure Cotton Ethnic Dress
https://www.myntra.com/dresses/sangria/sangria-floral-kantha-jaal-printed-flounce-cotton-a-line-dresses/27620368/buy,"https://assets.myntassets.com/dpr_2,q_60,w_210,c_limit,fl_progressive/assets/images/27620368/2024/2/15/fffa1488-ca38-4395-a155-fe14001fdeab1708005325354SangriaFloral-PrintedCottonA-LineDress6.jpg",Sangria,Cotton A-Line Printed Dresses
https://www.myntra.com/dresses/sassafras/sassafras-v-neck-mini-blazer-dresses/24956804/buy,"https://assets.myntassets.com/dpr_2,q_60,w_210,c_limit,fl_progressive/assets/images/24956804/2023/9/14/8e74ca5a-8846-44af-893b-f3a846fe93d11694678152954SASSAFRASYellowMiniDress1.jpg",SASSAFRAS,V-Neck Mini Blazer Dresses
https://www.myntra.com/ethnic-dresses/taavi/taavi-dabu-printed-pure-cotton-kaftan-ethnic-dresses/27068848/buy,"https://assets.myntassets.com/dpr_2,q_60,w_210,c_limit,fl_progressive/assets/images/27068848/2024/5/25/17825673-2d18-4ac2-ad6f-39813c3952551716630358926-Taavi-Women-Ethnic-Dresses-8631716630358532-1.jpg",Taavi,Dabu Pure Cotton Kaftan Dress
https://www.myntra.com/dresses/sangria/sangria-striped-shirt-collar-a-line-dresses/24000858/buy,"https://assets.myntassets.com/dpr_2,q_60,w_210,c_limit,fl_progressive/assets/images/24000858/2023/7/13/76e7b2a5-71cd-469d-84ee-24b9c11b4f551689239694366FUCHSIAKANTHAFLAREDDRESS1.jpg",Sangria,Striped A-Line Dresses
https://www.myntra.com/dresses/fashion2wear/fashion2wear-floral-print-square-neck-fit-and-flare-dresses/24575364/buy,"https://assets.myntassets.com/dpr_2,q_60,w_210,c_limit,fl_progressive/assets/images/24575364/2023/8/21/d1aacbd1-7c6c-4c0d-9171-4a9f93bb6e6f1692619672229Fashion2wearGreenFlutterSleeveGeorgetteA-LineMidiDress1.jpg",Fashion2wear,Floral Print Dresses
https://www.myntra.com/ethnic-dresses/rain+%26+rainbow/rain--rainbow-floral-printed-pure-cotton-fit-and-flare-midi-ethnic-dresses/29361958/buy,"https://assets.myntassets.com/dpr_2,q_60,w_210,c_limit,fl_progressive/assets/images/29361958/2024/5/6/8c84753b-e227-49df-8236-3e5b49ddf8031714997782527EthnicDresses1.jpg",Rain & Rainbow,Fit and Flare Ethnic Dresses
https://www.myntra.com/dresses/aask/aask-striped-midi-fit-and-flare-dresses/22283766/buy,"https://assets.myntassets.com/dpr_2,q_60,w_210,c_limit,fl_progressive/assets/images/22283766/2023/3/10/a36bae2a-f089-4f92-9cd1-bc85339b48671678457561676AASKNavyBlueColourblockedCrepeFitFlareMidiDress1.jpg",AASK,Striped Fit and Flare Dresses
https://www.myntra.com/dresses/aask/aask-striped-midi-fit-and-flare-dresses/22283768/buy,"https://assets.myntassets.com/dpr_2,q_60,w_210,c_limit,fl_progressive/assets/images/22283768/2023/3/10/74d549ef-c28a-454f-b036-84279d73ccf81678457562987AASKGreenCrepeFitFlareMidiDress1.jpg",AASK,Striped Fit and Flare Dresses
https://www.myntra.com/dresses/roadster/the-roadster-lifestyle-co-a-line-mini-dresses/27974140/buy,"https://assets.myntassets.com/dpr_2,q_60,w_210,c_limit,fl_progressive/assets/images/27974140/2024/3/1/3daacc7a-65d6-456b-93a8-2ce8b9f4ade91709291115983V-neckMiniDress1.jpg",Roadster,A-Line Mini Dresses
https://www.myntra.com/dresses/ambraee/ambraee-floral-printed-v-neck-puff-sleeves-gathered-cotton-a-line-midi-dress/24454568/buy,"https://assets.myntassets.com/dpr_2,q_60,w_210,c_limit,fl_progressive/assets/images/24454568/2023/8/11/a7bc841d-0db4-4661-abce-da0cbdca95391691745891824AmbraeeBlueFloralA-LineMaxiDress1.jpg",Ambraee,Cotton A-Line Midi Dress
https://www.myntra.com/dresses/h%26m/hm-sweatshirt-dresses/26833914/buy,"https://assets.myntassets.com/dpr_2,q_60,w_210,c_limit,fl_progressive/assets/images/26833914/2024/1/8/25294673-5f62-4110-98f8-9359b06f87c71704725323714HMRoundNeckSweatshirtDresses1.jpg",H&M,Round Neck Sweatshirt Dresses
https://www.myntra.com/dresses/nabia/nabia-v-neck-fit--flared-midi-dresses/26053280/buy,"https://assets.myntassets.com/dpr_2,q_60,w_210,c_limit,fl_progressive/assets/images/26053280/2023/11/25/24ab2a26-9181-4ee4-b833-accbe3595b7f1700906627355NabiaWomenBlueRayonPlusSizeSolidMaxiDress1.jpg",NABIA,Fit & Flared Midi Dresses
https://www.myntra.com/dresses/pluss/pluss-white--mustard-yellow-printed-cut-outs-maxi-dress/20554714/buy,"https://assets.myntassets.com/dpr_2,q_60,w_210,c_limit,fl_progressive/assets/images/20554714/2022/11/10/7edae0e1-b2d3-4b12-8eb5-031a4051f1061668079918395-plusS-Women-Dresses-2701668079917747-1.jpg",plusS,Cut-Outs Maxi Dress
https://www.myntra.com/dresses/status+mantra/status-mantra-pack-of-2-printed-pure-cotton-t-shirt-dresses/23439954/buy,"https://assets.myntassets.com/dpr_2,q_60,w_210,c_limit,fl_progressive/assets/images/23439954/2023/5/27/28ed1e27-1656-4be1-9f68-54fba75400031685162369296STATUSMANTRAMulticolouredPrintT-shirtDress1.jpg",STATUS MANTRA,Pack Of 2 Cotton T-shirt Dress
https://www.myntra.com/dresses/trendyol/trendyol-women-black-bodycon-mini-dress/20264864/buy,"https://assets.myntassets.com/dpr_2,q_60,w_210,c_limit,fl_progressive/assets/images/20264864/2022/10/4/96fd9d7d-4903-4f41-8bae-6bce4cd1d3751664907067887Dresses1.jpg",Trendyol,Bodycon Mini Dress
https://www.myntra.com/dresses/athena+immutable/athena-immutable-scuba-formal-wrapdress/28997528/buy,"https://assets.myntassets.com/dpr_2,q_60,w_210,c_limit,fl_progressive/assets/images/28997528/2024/4/17/050ff09a-cc20-4c80-b3e6-7be69985dece1713336091647AthenaImmutableScubaFormalA-LineDress1.jpg",Athena Immutable,Scuba Wrap Dress
https://www.myntra.com/dresses/true+shape/true-shape-floral-printed-fit-and-flare-pleated-maternity-dresses/24222284/buy,"https://assets.myntassets.com/dpr_2,q_60,w_210,c_limit,fl_progressive/assets/images/24222284/2023/7/27/7074a263-28ab-450d-b493-cc2ba6f504e41690450847434TrueShapePrintedFlaredWomensMaternityKurtaForNursingPregnanc1.jpg",True Shape,Printed Maternity Dresses
https://www.myntra.com/dresses/purvaja/purvaja-women-beige-bodycon-dress/14683870/buy,"https://assets.myntassets.com/dpr_2,q_60,w_210,c_limit,fl_progressive/assets/images/productimage/2021/6/29/ddc39ed4-c52b-4f17-9515-d1b7ce6591221624950963998-1.jpg",PURVAJA,Bodycon Dress
https://www.myntra.com/ethnic-dresses/sangria/sangria-tie-up-neck-printed-ethnic-a-line-midi-dress/20630908/buy,"https://assets.myntassets.com/dpr_2,q_60,w_210,c_limit,fl_progressive/assets/images/20630908/2022/12/6/b7e61b51-71d3-45d5-b931-0c8ae56a3c621670327985928-Sangria-Women-Dresses-9411670327985484-1.jpg",Sangria,Tie-Up Neck Printed Dress
https://www.myntra.com/dresses/dummy+shape/dummy-shape-ethnic-motifs-printed-maternity-fit-and-flare-midi-dresses/27237884/buy,"https://assets.myntassets.com/dpr_2,q_60,w_210,c_limit,fl_progressive/assets/images/27237884/2024/1/27/1dfc1c1c-6e50-4ff8-9d22-fbb1b96e4c941706353004413DUMMYSHAPEWomenGeometricDyedThreadWorkSummerSheersMaternityA1.jpg",DUMMY SHAPE,Maternity Fit & Flare Dresses
https://www.myntra.com/dresses/nabia/nabia-plus-size-polka-dots-printed-a-line-dresses/24708892/buy,"https://assets.myntassets.com/dpr_2,q_60,w_210,c_limit,fl_progressive/assets/images/24708892/2023/8/29/6d961082-eb16-4ebb-ae3c-97a6ea29cb4f1693289512253NabiaWomenBlueandWhitePlusSizePolkaPrintedDress1.jpg",NABIA,Printed A-Line Dresses
https://www.myntra.com/dresses/all+about+you/all-about-you-cut-out-back-puff-sleeve-a-line-mini-dress/26616758/buy,"https://assets.myntassets.com/dpr_2,q_60,w_210,c_limit,fl_progressive/assets/images/26616758/2024/4/3/702a4abd-d725-4a97-b40e-9a8f7590aab01712124514975-all-about-you-Women-Dresses-6311712124514509-1.jpg",all about you,Cut-Out Back Mini Dress
https://www.myntra.com/dresses/nabia/nabia-plus-size-floral-printed-maxi-dresses/24708894/buy,"https://assets.myntassets.com/dpr_2,q_60,w_210,c_limit,fl_progressive/assets/images/24708894/2023/8/29/9e9bf8dc-0b1d-4cd3-86bd-aaf46620f6661693287686135NabiaWomenWhitePlusSizeFloralPrintedMaxiDress1.jpg",NABIA,Plus Size Printed Maxi Dresses
https://www.myntra.com/dresses/aawari/aawari-black--purple-set-of-2-bobbin-dresses-/20042222/buy,"https://assets.myntassets.com/dpr_2,q_60,w_210,c_limit,fl_progressive/assets/images/20042222/2022/9/17/40f86b59-2fca-484d-8644-a0676b9111331663398319838AawariBlackDress1.jpg",Aawari,Dress
https://www.myntra.com/dresses/athena/athena-mauve-sheath-dress/12049958/buy,"https://assets.myntassets.com/dpr_2,q_60,w_210,c_limit,fl_progressive/assets/images/productimage/2020/7/8/a4622a59-f215-4f95-ac4c-55b351138dee1594161141058-1.jpg",Athena,Sheath Dress
https://www.myntra.com/dresses/rajoria+instyle/digital-print-designer-dress-for-women/19236410/buy,"https://assets.myntassets.com/dpr_2,q_60,w_210,c_limit,fl_progressive/assets/images/19236410/2022/7/23/a7431980-18e9-4a67-9bf8-c745053379b61658584252649DigitalPrintdesignerDressForWomen1.jpg",Rajoria Instyle,Designer Dress For Women
https://www.myntra.com/dresses/true+shape/true-shape-floral-printed-fit-and-flare-pleated-maternity-dresses/24222280/buy,"https://assets.myntassets.com/dpr_2,q_60,w_210,c_limit,fl_progressive/assets/images/24222280/2023/7/27/04b94787-2df0-4f57-a35f-d39b4f0c0f4e1690446490242TrueShapePrintedFlaredWomensMaternityKurtaForNursingPregnanc1.jpg",True Shape,Printed Maternity Dresses
https://www.myntra.com/ethnic-dresses/sangria/sangria-tie-up-neck-printed-ethnic-a-line-midi-dress/20630910/buy,"https://assets.myntassets.com/dpr_2,q_60,w_210,c_limit,fl_progressive/assets/images/20630910/2022/12/6/4f2390b1-8f2e-4e56-b938-6ee5e71970701670328156290-Sangria-Women-Dresses-5351670328155740-1.jpg",Sangria,Tie-Up Neck Printed Dress
https://www.myntra.com/dresses/dressberry/dressberry-women-grey-sheath-mini-dress/20457910/buy,"https://assets.myntassets.com/dpr_2,q_60,w_210,c_limit,fl_progressive/assets/images/20457910/2022/10/19/0e9d574b-ee85-452a-b40b-8b8aea02da6a1666164758635SolidAdjustableStrapPolyRayonShortDress1.jpg",DressBerry,Sheath Mini Dress
https://www.myntra.com/dresses/kasma/kasma-women-grey-jumper-dress/20740712/buy,"https://assets.myntassets.com/dpr_2,q_60,w_210,c_limit,fl_progressive/assets/images/20740712/2022/11/14/24df4f91-c558-464f-8e64-140a2350aece1668414642096KASMAsStylishOversizedDropShouldersWoolenSweaterDressforWome1.jpg",KASMA,Women Jumper Dress
https://www.myntra.com/dresses/aara/aara-women-green-solid-sheath-dress/11302556/buy,"https://assets.myntassets.com/dpr_2,q_60,w_210,c_limit,fl_progressive/assets/images/productimage/2020/1/9/430f5417-e55a-4343-acba-0863c80154281578529981362-1.jpg",AARA,Women Solid Sheath Dress
https://www.myntra.com/dresses/status+mantra/status-mantra-pack-of-2-printed-pure-cotton-t-shirt-dresses/23440614/buy,"https://assets.myntassets.com/dpr_2,q_60,w_210,c_limit,fl_progressive/assets/images/23440614/2023/5/27/2c82703d-883e-42e4-8c26-0b1f02323ac51685166355156STATUSMANTRAMulticolouredPrintT-shirtDress1.jpg",STATUS MANTRA,Pack Of 2 Cotton T-shirt Dress
https://www.myntra.com/dresses/anwaind/anwaind-women-teal-green-jumper-dress/20856358/buy,"https://assets.myntassets.com/dpr_2,q_60,w_210,c_limit,fl_progressive/assets/images/20856358/2022/11/28/b7e68fe4-10da-4566-9f2b-e2213b1ccb9a1669618656493-ANWAIND-Women-Clothing-Set-6651669618655921-1.jpg",ANWAIND,Women Jumper Dress
https://www.myntra.com/dresses/kibo/kibo-women-wrap-dress/21130128/buy,"https://assets.myntassets.com/dpr_2,q_60,w_210,c_limit,fl_progressive/assets/images/21130128/2022/12/8/62387198-2952-4933-86fe-0f6cbc84033b1670509478894KiboWomensPeacockBluePuffedSleeveAsymmetricDress1.jpg",Kibo,Women Wrap Dress
https://www.myntra.com/dresses/athena/athena-women-grey-solid-maxi-dress/13584076/buy,"https://assets.myntassets.com/dpr_2,q_60,w_210,c_limit,fl_progressive/assets/images/productimage/2021/2/3/49a7de7f-24d1-4447-a9e4-2c9425c951f41612335480445-1.jpg",Athena,Solid Maxi Dress
https://www.myntra.com/dresses/lulu+%26+sky/lulu--sky-women-sheath-dress/28886102/buy,"https://assets.myntassets.com/dpr_2,q_60,w_210,c_limit,fl_progressive/assets/images/28886102/2024/4/12/eb75776b-7b75-47e5-88f8-26330a59bcc71712913542019LULUSKYSheathDress1.jpg",LULU & SKY,Sheath Dress
https://www.myntra.com/dresses/trendyol/trendyol-women-burgundy-bodycon-mini-dress/20265184/buy,"https://assets.myntassets.com/dpr_2,q_60,w_210,c_limit,fl_progressive/assets/images/20265184/2022/10/6/2fd55694-3bda-4f6b-9b65-d0f7cdd10bfe1665040164326-Trendyol-Burgundy-Bodycon-Mini-Dress-1181665040164084-1.jpg",Trendyol,Women Bodycon Mini Dress
https://www.myntra.com/dresses/status+mantra/status-mantra-pack-of-2-printed-pure-cotton-t-shirt-dresses/23439960/buy,"https://assets.myntassets.com/dpr_2,q_60,w_210,c_limit,fl_progressive/assets/images/23439960/2023/5/27/d24d0efd-6c9a-4a38-996b-5d29e5b64a181685176188471STATUSMANTRAMulticolouredPrintT-shirtDress1.jpg",STATUS MANTRA,Pack Of 2 Cotton T-shirt Dress
https://www.myntra.com/dresses/status+mantra/status-mantra-pack-of-2-typography-printed-pure-cotton-t-shirt-dresses/23431934/buy,"https://assets.myntassets.com/dpr_2,q_60,w_210,c_limit,fl_progressive/assets/images/23431934/2023/5/26/cf106696-cf21-46d8-bf3f-6ab756e32e021685124333566STATUSMANTRAMulticolouredPrintT-shirtDress1.jpg",STATUS MANTRA,Pack Of 2 T-shirt Dresses
https://www.myntra.com/dresses/sheczzar/sheczzar-women-sheath-mini-dress/29961432/buy,"https://assets.myntassets.com/dpr_2,q_60,w_210,c_limit,fl_progressive/assets/images/29961432/2024/6/13/8cc783a5-03ac-4077-b08b-2951389ae7371718303328999SHECZZARPUCoatedSheathMiniDress1.jpg",SHECZZAR,Sheath Mini Dress
https://www.myntra.com/dresses/baesd/baesd-scuba-blazer-dresses/29672272/buy,"https://assets.myntassets.com/dpr_2,q_60,w_210,c_limit,fl_progressive/assets/images/29672272/2024/5/21/6009a5ef-546c-4e70-b37d-467c0b9fef511716288950946BAESDScubaDress1.jpg",BAESD,Scuba Blazer Dresses
https://www.myntra.com/ethnic-dresses/fusionic/fusionic-maxi-length-gown-with-add-on-sleeves-ethnic-dresses/24026906/buy,"https://assets.myntassets.com/dpr_2,q_60,w_210,c_limit,fl_progressive/assets/images/24026906/2023/7/14/2d0ddfe9-9a59-420f-b5e5-de75c49094d41689337563578EthnicDresses1.jpg",Fusionic,Maxi Length Ethnic Dresses
https://www.myntra.com/ethnic-dresses/indya/indya-sequinned-embellished-peplum-maxi-ethnic-dresses/22327120/buy,"https://assets.myntassets.com/dpr_2,q_60,w_210,c_limit,fl_progressive/assets/images/22327120/2023/3/14/1ab4845e-8d1d-434a-adb1-ed5d03cdf1a61678797505693DustyPinkFoilPrintPeplumMaxiKurta1.jpg",INDYA,Maxi Ethnic Dresses
https://www.myntra.com/ethnic-dresses/indya/indya-women-geometric-printed-cowl-neck-indie-prints-georgette-anarkali-ethnic-dresses/21498186/buy,"https://assets.myntassets.com/dpr_2,q_60,w_210,c_limit,fl_progressive/assets/images/21498186/2023/1/10/cd591159-4afa-4c89-8e44-1e6dbc9f06471673359929488GreenBandhaniPrintedCowlNeckKurta1.jpg",INDYA,Georgette Ethnic Dresses
https://www.myntra.com/ethnic-dresses/chhabra+555/chhabra-555-ethnic-motif-embroidered-gown-ethnic-dresses-with-dupatta/27750968/buy,"https://assets.myntassets.com/dpr_2,q_60,w_210,c_limit,fl_progressive/assets/images/27750968/2024/2/21/d5334f91-b0d7-4507-9ddc-ef13fc8fde181708508623990EthnicDresses1.jpg",Chhabra 555,Ethnic Dresses With Dupatta
https://www.myntra.com/ethnic-dresses/mialo+fashion/-mialo-fashion-printed-gown-maxi-maternity-feeding-ethnic-dresses/29658624/buy,"https://assets.myntassets.com/dpr_2,q_60,w_210,c_limit,fl_progressive/assets/images/29658624/2024/5/21/f2d3a504-743d-4a1c-8ff0-519b6924b4d31716277699580EthnicDresses1.jpg",Mialo fashion,Maternity Feeding Ethnic Dress
https://www.myntra.com/ethnic-dresses/souchii/souchii-abstract-printed-round-neck-fit--flare-midi-ethnic-dresses/28782334/buy,"https://assets.myntassets.com/dpr_2,q_60,w_210,c_limit,fl_progressive/assets/images/28782334/2024/4/8/20febfed-d846-4e13-9f74-c6826c9afedd1712578209376SouchiiDress1.jpg",Souchii,Printed Midi Ethnic Dresses
https://www.myntra.com/ethnic-dresses/sangria/sangria-striped-a-line-ethnic-dresses/25198044/buy,"https://assets.myntassets.com/dpr_2,q_60,w_210,c_limit,fl_progressive/assets/images/25198044/2023/9/27/18848baf-b4e5-4298-b08b-f9eaff11575c1695807770247SangriaStripedALineEthnicDresses1.jpg",Sangria,Striped A Line Ethnic Dresses
https://www.myntra.com/ethnic-dresses/scakhi/scakhi-floral-printed-silk-gown-maxi-ethnic-dresses/26127778/buy,"https://assets.myntassets.com/dpr_2,q_60,w_210,c_limit,fl_progressive/assets/images/26127778/2023/11/29/d5b129b6-bfdf-48cc-bb81-51997a416baf1701266613126MustardOrganzaFloralPrintEmbellishedAngrakhaGown1.jpg",SCAKHI,Silk Gown Ethnic Dresses
https://www.myntra.com/ethnic-dresses/bunaai/-bunaai-fit--flared-maxi-ethnic-dresses/29642444/buy,"https://assets.myntassets.com/dpr_2,q_60,w_210,c_limit,fl_progressive/assets/images/29642444/2024/5/18/962cea1a-553e-4e62-b4c1-cc701df2f7cc1716038832242OchreGeorgetteAnarkaliDresswithDupatta1.jpg",Bunaai,Maxi Ethnic Dresses
https://www.myntra.com/ethnic-dresses/bunaai/bunaai-cotton-tiered-maxi-ethnic-dresses/29642446/buy,"https://assets.myntassets.com/dpr_2,q_60,w_210,c_limit,fl_progressive/assets/images/29642446/2024/5/21/9e264525-b753-4f95-a463-022ff776761f1716294636988BunaaiCottonTieredMaxiEthnicDresses1.jpg",Bunaai,Tiered Maxi Ethnic Dresses
https://www.myntra.com/dresses/trendyol/trendyol-women-navy-blue-bodycon-dress/19554320/buy,"https://assets.myntassets.com/dpr_2,q_60,w_210,c_limit,fl_progressive/assets/images/19554320/2022/8/19/b5e7299e-4dfb-4257-9a4f-af72368b5d2a1660902184483TrendyolNavyBlueBodyconDress1.jpg",Trendyol,Women Bodycon Dress
https://www.myntra.com/ethnic-dresses/anjushree+choice/anjushree-choice-floral-printed-embellished-fit-and-flare-ethnic-dresses/29760148/buy,"https://assets.myntassets.com/dpr_2,q_60,w_210,c_limit,fl_progressive/assets/images/29760148/2024/5/27/6016fa99-8278-4062-bb71-e583e74401451716769955886Kurtis1.jpg",AnjuShree Choice,Floral Printed Ethnic Dresses
https://www.myntra.com/ethnic-dresses/taavi/taavi-bagru-printed-pure-cotton-a-line-ethnic-dresses/27361894/buy,"https://assets.myntassets.com/dpr_2,q_60,w_210,c_limit,fl_progressive/assets/images/27361894/2024/5/25/3fcb26c3-70d8-4d02-b90a-83b207e1b9801716630424635-Taavi-Women-Ethnic-Dresses-1701716630424232-1.jpg",Taavi,Bagru Pure Cotton Ethnic Dress
https://www.myntra.com/dresses/colour+me+by+melange/colour-me-by-melange-floral-printed-cotton-tiered-a-line-midi-dress/29190356/buy,"https://assets.myntassets.com/dpr_2,q_60,w_210,c_limit,fl_progressive/assets/images/29190356/2024/4/25/3ba25bd8-2377-48dc-866a-78a3223830981714042937962ColourMebyMelangeFloralPrintMaxiDress1.jpg",Colour Me by Melange,Printed A-Line Midi Dress
https://www.myntra.com/ethnic-dresses/charukriti/charukriti-tie--dye-printed-fit--flare-midi-ethnic-dresses/29450012/buy,"https://assets.myntassets.com/dpr_2,q_60,w_210,c_limit,fl_progressive/assets/images/29450012/2024/5/10/868847ef-bedf-4441-9cba-2e984755c2da1715315390476WhiteAndBlackRayonShiboriPrintedEthnicDress1.jpg",Charukriti,Fit & Flare Midi Ethnic Dress
https://www.myntra.com/ethnic-dresses/odd+by+chansi+trendz/odd-by-chansi-trendz-floral-printed-georgette-fit-and-flare-maxi-ethnic-dresses/29054978/buy,"https://assets.myntassets.com/dpr_2,q_60,w_210,c_limit,fl_progressive/assets/images/29054978/2024/4/18/e1668837-f360-4b69-95a5-d636726ddccf1713447919998EthnicDresses1.jpg",ODD BY chansi TRENDZ,Georgette Maxi Ethnic Dresses
https://www.myntra.com/dresses/pluss/pluss-tranquil-teal-solid-pleated-form-dress/17716880/buy,"https://assets.myntassets.com/dpr_2,q_60,w_210,c_limit,fl_progressive/assets/images/17716880/2022/4/12/fd6de693-033e-4185-980b-4f097a6bdf871649762757196-plusS-Women-Dresses-1121649762756739-1.jpg",plusS,Solid Pleated Form Dress
https://www.myntra.com/ethnic-dresses/bani+women/-bani-a-line-v-neck-midi-ethnic-dresses/29607266/buy,"https://assets.myntassets.com/dpr_2,q_60,w_210,c_limit,fl_progressive/assets/images/29607266/2024/5/18/b62d58f0-6625-4f7f-a965-848f46e91cd01715979439901EthnicDresses1.jpg",Bani Women,A-Line Midi Ethnic Dresses
https://www.myntra.com/ethnic-dresses/charukriti/charukriti-ruffled-cotton-a-line-midi-ethnic-dresses/29450024/buy,"https://assets.myntassets.com/dpr_2,q_60,w_210,c_limit,fl_progressive/assets/images/29450024/2024/5/10/d63569c8-f128-433a-9fd5-c937821fe49a1715336934683CharukritiPrintedA-LineMidiEthnicDresses1.jpg",Charukriti,A-Line Midi Ethnic Dress
https://www.myntra.com/dresses/athena+ample/athena-ample-plus-size-self-design-v-neck-a-line-dress/23662870/buy,"https://assets.myntassets.com/dpr_2,q_60,w_210,c_limit,fl_progressive/assets/images/23662870/2023/6/17/33d1187a-3919-4c8d-8e57-5de7bf6d932b1686988400555AthenaAmpleGreenPuffSleeveFitFlareDress1.jpg",Athena Ample,Plus Size A-Line Dress
https://www.myntra.com/ethnic-dresses/aaryaa+by+kashveen+kohli/aaryaa-by-kashveen-kohli-printed-cotton-maxi-ethnic-dresses/29716150/buy,"https://assets.myntassets.com/dpr_2,q_60,w_210,c_limit,fl_progressive/assets/images/29716150/2024/5/23/4e821619-527f-4ba9-b1ec-309c8fb855f01716458811047EthnicDresses1.jpg",Aaryaa By Kashveen Kohli,Cotton Maxi Ethnic Dresses
https://www.myntra.com/ethnic-dresses/charukriti/charukriti-ruffled-cotton-a-line-midi-ethnic-dresses/29450022/buy,"https://assets.myntassets.com/dpr_2,q_60,w_210,c_limit,fl_progressive/assets/images/29450022/2024/5/10/7a6db586-45a0-49e0-8eaa-53adf33622ab1715318304679YellowCottonSolidA-lineEthnicDressWithRuffle1.jpg",Charukriti,A-Line Midi Ethnic Dress
https://www.myntra.com/dresses/lulu+%26+sky/lulu--sky-women-sheath-dress/28885716/buy,"https://assets.myntassets.com/dpr_2,q_60,w_210,c_limit,fl_progressive/assets/images/28885716/2024/4/12/111dbbde-0f18-4b24-b189-5e24ec25678d1712913022192LULUSKYSheathDress1.jpg",LULU & SKY,Sheath Dress
https://www.myntra.com/dresses/trendyol/trendyol-women-bodycon-dress/27678012/buy,"https://assets.myntassets.com/dpr_2,q_60,w_210,c_limit,fl_progressive/assets/images/27678012/2024/2/20/49071b22-8d02-417a-9084-f259a7cb788e1708421432614TrendyolBodyconDress1.jpg",Trendyol,Women Bodycon Dress
https://www.myntra.com/dresses/pluss/pluss-turquoise-blue--yellow-floral-tie-up-neck-georgette-a-line-dress/17392810/buy,"https://assets.myntassets.com/dpr_2,q_60,w_210,c_limit,fl_progressive/assets/images/17392810/2022/3/30/576f320f-6902-44e8-934b-4e4b1ece5f561648616503007-plusS-Women-Dresses-7601648616502580-1.jpg",plusS,Floral Georgette A-Line Tie-Up Neck Dress
https://www.myntra.com/ethnic-dresses/sangria/sangria-floral-embroidered-georgette-fit-and-flare-ethnic-dresses/27189390/buy,"https://assets.myntassets.com/dpr_2,q_60,w_210,c_limit,fl_progressive/assets/images/27189390/2024/1/24/56fcfe71-a48f-448d-8ff9-51a0ec1144571706106803557KVSFABPeachGeorgetteSequenceEmbroideredFlaredA-LineGown5.jpg",Sangria,Embroidered Ethnic Dresses
https://www.myntra.com/dresses/pinacolada/pinacolada-single-breasted-self-design-blazer-dresses/27737786/buy,"https://assets.myntassets.com/dpr_2,q_60,w_210,c_limit,fl_progressive/assets/images/27737786/2024/2/21/2edf15b1-0b21-4ffa-a015-40c73a4d184d1708501416839PINACOLADACapeSleeveSheathDress1.jpg",PINACOLADA,Self Design Blazer Dresses
https://www.myntra.com/dresses/pluss/pluss-orange-floral-printed-puff-sleeves-gathered-a-line-midi-dress/25397830/buy,"https://assets.myntassets.com/dpr_2,q_60,w_210,c_limit,fl_progressive/assets/images/25397830/2023/10/9/820a5573-0e29-4dde-a8d1-582f86d15fbc1696819084113plusSOrangeFloralPrintMaxiDress1.jpg",plusS,Gathered A-Line Midi Dress
https://www.myntra.com/ethnic-dresses/black+%26+blah+blah/black--blah-blah-printed-flared-ethnic-midi-gown-dresses-/27950194/buy,"https://assets.myntassets.com/dpr_2,q_60,w_210,c_limit,fl_progressive/assets/images/27950194/2024/2/29/7f2d791b-cfb5-4925-adb6-83603da06d9e1709203321156WomenFitandFlarePrintedViscoseRayonEthnicDresses1.jpg",BLACK & BLAH BLAH,Printed Midi Ethnic Dresses
https://www.myntra.com/ethnic-dresses/fusionic/fusionic-shoulder-straps-gown-ethnic-dresses-with-dupatta/24666766/buy,"https://assets.myntassets.com/dpr_2,q_60,w_210,c_limit,fl_progressive/assets/images/24666766/2023/8/25/965a6f73-a884-46fb-9699-5433feb1db601692970786298EthnicDresses1.jpg",Fusionic,Ethnic Gown & Printed Dupatta
https://www.myntra.com/dresses/biba/biba-ethnic-motifs-printed-tiered-fit--flare-cotton-midi-dress/23433582/buy,"https://assets.myntassets.com/dpr_2,q_60,w_210,c_limit,fl_progressive/assets/images/23433582/2023/5/26/23f04542-a059-4911-bf29-175a0e61ca3e1685119876195BibaYellowEthnicMotifsPrintA-LineMidiDress1.jpg",Biba,Printed Cotton Midi Dress
https://www.myntra.com/ethnic-dresses/mialo+fashion/-mialo-fashion-women-floral-printed-maternity-feeding-ethnic-dresses/29663414/buy,"https://assets.myntassets.com/dpr_2,q_60,w_210,c_limit,fl_progressive/assets/images/29663414/2024/5/22/f4ec011b-2652-4033-83ad-8e3fa9d88c631716359436000MialofashionWomenFloralPrintedMaternityFeedingEthnicDresses1.jpg",Mialo fashion,Maternity Feeding Ethnic Dress
https://www.myntra.com/dresses/trendyol/trendyol-notched-collar-mini-blazer-dresses/27532960/buy,"https://assets.myntassets.com/dpr_2,q_60,w_210,c_limit,fl_progressive/assets/images/27532960/2024/2/13/96c8ce23-8fd2-40c2-adc0-64b1eb3f3ef41707799936754TrendyolDress1.jpg",Trendyol,Mini Blazer Dresses
https://www.myntra.com/dresses/delan/delan-women-shirt-collar-jacquard-blazer-dresses-mini-dress/27731660/buy,"https://assets.myntassets.com/dpr_2,q_60,w_210,c_limit,fl_progressive/assets/images/27731660/2024/2/20/1d909222-3924-48b4-b153-7697823243701708444687708DELANJacquardShirtDress1.jpg",DELAN,Jacquard Blazer Dress
https://www.myntra.com/ethnic-dresses/here%26now/herenow-grey-ethnic-motif-printed-fit-and-flare-midi-ethnic-dresses/22955580/buy,"https://assets.myntassets.com/dpr_2,q_60,w_210,c_limit,fl_progressive/assets/images/22955580/2023/4/29/f4522260-9cd9-4b4e-948d-f4f405f34f5a1682763967454EthnicDresses1.jpg",HERE&NOW,Printed Midi Ethnic Dresses
https://www.myntra.com/dresses/boohoo/boohoo-off-shoulder-ruched-mesh-bodycon-dress/24403606/buy,"https://assets.myntassets.com/dpr_2,q_60,w_210,c_limit,fl_progressive/assets/images/24403606/2023/9/5/ae3e3091-a6b9-4092-a88b-f8f417a942bc1693913652473DressesBoohooWomenTopsBoohooWomenDressesBoohooWomenJumpsuitB1.jpg",Boohoo,Off-Shoulder Mesh Midi Dress
https://www.myntra.com/ethnic-dresses/rang+by+indya/rang-by-indya-women-teal-printed-a-line-midi-dresses/19134290/buy,"https://assets.myntassets.com/dpr_2,q_60,w_210,c_limit,fl_progressive/assets/images/19134290/2022/7/16/003d310b-f516-4c83-9af7-5c30379c6c3d1657951257851GreenGeoMixPrintA-LineDress1.jpg",Rang by Indya,Women Printed A-Line Midi Dresses
https://www.myntra.com/ethnic-dresses/nitvan/nitvan-floral-printed-pleated-detail-maternity-cotton-fit-and-flare-ethnic-dresses/24909928/buy,"https://assets.myntassets.com/dpr_2,q_60,w_210,c_limit,fl_progressive/assets/images/24909928/2023/9/11/f4b12745-d6b7-498c-a574-857f5d9eca771694425312070NITVANWomenOrangeEthnicMotifsPrintedFlaredSleevesBlockPrintM1.jpg",NITVAN,Printed Cotton Ethnic Dresses
https://www.myntra.com/dresses/bebe/bebe-all-day-pure-acrylic-knitted-ribbed-sweater-dress/24753364/buy,"https://assets.myntassets.com/dpr_2,q_60,w_210,c_limit,fl_progressive/assets/images/24753364/2023/12/6/6c662ac0-2d5f-4897-b630-ce719c4984571701856905371-bebe-Women-Dresses-2691701856905046-1.jpg",bebe,All Day Acrylic Knitted Dress
https://www.myntra.com/ethnic-dresses/pukhya/pukhya-floral-printed-a-line-ethnic-dresses/25440318/buy,"https://assets.myntassets.com/dpr_2,q_60,w_210,c_limit,fl_progressive/assets/images/25440318/2023/10/11/8ea5f1c8-1f35-44fd-a872-47f13de9351b1697012735654PUKHYAWomensViscosePrintedFullSleeveAnarkaliFitFlaredDress1.jpg",PUKHYA,Floral A-Line Ethnic Dresses
https://www.myntra.com/ethnic-dresses/fab+dadu/fab-dadu-abstract-printed-fit--flare-ethnic-dresses-with-duppata/28531366/buy,"https://assets.myntassets.com/dpr_2,q_60,w_210,c_limit,fl_progressive/assets/images/28531366/2024/3/27/a9f70722-6d74-4591-b378-c2d026aa737f1711528713656EthnicDresses1.jpg",Fab Dadu,Ethnic Dresses & Duppata
https://www.myntra.com/dresses/mango/mango-printed-puff-sleeve-a-line-midi-dress/28774548/buy,"https://assets.myntassets.com/dpr_2,q_60,w_210,c_limit,fl_progressive/assets/images/28774548/2024/5/15/3af4a183-8dab-4c2b-9510-a4b1494894ab1715758209580MANGOPrintedPuffSleeveA-LineMidiDress1.jpg",MANGO,Printed A-Line Midi Dress
https://www.myntra.com/ethnic-dresses/nitvan/nitvan-floral-printed-pleated-detail-maternity-cotton-fit-and-flare-ethnic-dresses/24909456/buy,"https://assets.myntassets.com/dpr_2,q_60,w_210,c_limit,fl_progressive/assets/images/24909456/2023/9/11/7ed0f46e-495a-4b33-9cba-c4c8b6703aa41694421419928NITVANWomenBlackEthnicMotifsPrintedFlaredSleevesBlockPrintMa1.jpg",NITVAN,Printed Cotton Ethnic Dresses
https://www.myntra.com/ethnic-dresses/mialo+fashion/mialo-fashion-printed-fit--flared-midi-maternity-ethnic-dresses/29563632/buy,"https://assets.myntassets.com/dpr_2,q_60,w_210,c_limit,fl_progressive/assets/images/29563632/2024/5/16/6b9c17bc-6afc-48ad-aa91-4aa00dfbd1511715844766439EthnicDresses1.jpg",Mialo fashion,Maternity Ethnic Dresses
https://www.myntra.com/ethnic-dresses/pink+fort/pink-fort-printed-cotton-v-neck-ethnic-dresses/23788018/buy,"https://assets.myntassets.com/dpr_2,q_60,w_210,c_limit,fl_progressive/assets/images/23788018/2023/6/28/f22eadeb-0def-407a-ad60-56aa659818651687931307371EthnicDresses1.jpg",Pink Fort,Printed Ethnic Dresses
https://www.myntra.com/ethnic-dresses/chhabra+555/chhabra-555-embroidered-anarkali-gown-ethnic-dresses/24953472/buy,"https://assets.myntassets.com/dpr_2,q_60,w_210,c_limit,fl_progressive/assets/images/24953472/2023/9/13/7a0f93f3-e60d-4b3e-8947-835ae664c3e31694592846343EthnicDresses1.jpg",Chhabra 555,Anarkali Gown Ethnic Dresses
https://www.myntra.com/dresses/sztori/sztori-plus-size-floral-print-a-line-midi-dress/26530556/buy,"https://assets.myntassets.com/dpr_2,q_60,w_210,c_limit,fl_progressive/assets/images/26530556/2024/4/24/bc6ce453-4727-4e59-99f2-09ad79bb2f161713958215257-Sztori-Women-Dresses-2361713958214658-1.jpg",Sztori,Plus Size Printed Midi Dress
https://www.myntra.com/ethnic-dresses/taavi/-taavi-chikankari-embroidered-pure-cotton-a-line-midi-ethnic-dresses/27361910/buy,"https://assets.myntassets.com/dpr_2,q_60,w_210,c_limit,fl_progressive/assets/images/27361910/2024/5/30/3bb2adb1-0c91-4069-8474-4a660ed2001e1717063188334-Taavi-Women-Ethnic-Dresses-7281717063187922-1.jpg",Taavi,Chikankari Ethnic Dresses
https://www.myntra.com/ethnic-dresses/gulab+chand+trends/gulab-chand-trends-floral-a-line-midi-ethnic-dresses/21257216/buy,"https://assets.myntassets.com/dpr_2,q_60,w_210,c_limit,fl_progressive/assets/images/21257216/2023/1/28/44ced093-2fc1-4538-9e04-e2ba70c2f2931674886274421-Twilldor-Floral-A-Line-Midi-Dress-3861674886273889-3.jpg",GULAB CHAND TRENDS,Floral Midi Ethnic Dresses
https://www.myntra.com/dresses/styli/styli-striped-shirt-collar-cuffed-sleeves-semi-sheer-belted-maxi-dress/22954260/buy,"https://assets.myntassets.com/dpr_2,q_60,w_210,c_limit,fl_progressive/assets/images/22954260/2023/4/29/bd64d70e-030a-4ba3-82d4-04c4e3be968d1682741924051StyliNavyBlueCheckedMaxiDress1.jpg",Styli,Shirt Collar Striped Dress
https://www.myntra.com/ethnic-dresses/indya/indya-women-floral-printed-georgette-a-line-layered-maxi-ethnic-dresses/21498192/buy,"https://assets.myntassets.com/dpr_2,q_60,w_210,c_limit,fl_progressive/assets/images/21498192/2023/1/10/14782d56-99f4-4759-862c-76c182c47cf41673355891841GreenDabuPrintLayeredMaxiKurta1.jpg",INDYA,Georgette Ethnic Dresses
https://www.myntra.com/ethnic-dresses/henal/henal-ethnic-motifs-printed-cotton-maternity-fit-and-flare-ethnic-dresses/25302242/buy,"https://assets.myntassets.com/dpr_2,q_60,w_210,c_limit,fl_progressive/assets/images/25302242/2023/9/30/cc374092-5f1d-4649-8477-80720641cebd1696070185350HenalWomenMustardYellowGeometricPrintedThreadWorkMaternityAn1.jpg",Henal,Maternity Ethnic Dresses
https://www.myntra.com/dresses/miss+chase/miss-chase-pink-embellished-georgette-maxi-dress/18284560/buy,"https://assets.myntassets.com/dpr_2,q_60,w_210,c_limit,fl_progressive/assets/images/18284560/2022/5/16/e9f2e206-093e-4f72-8a78-0813cca8fd701652699567597MissChasePinkEmbellishedGeorgetteMaxiDress4.jpg",Miss Chase,Embellished Georgette Maxi Dress
https://www.myntra.com/ethnic-dresses/pukhya/pukhya-floral-printed-tiered-cotton-a-line-midi-ethnic-dresses/25440332/buy,"https://assets.myntassets.com/dpr_2,q_60,w_210,c_limit,fl_progressive/assets/images/25440332/2023/10/12/f8b46abf-fb10-4361-bf60-23dcc71e13a41697049037009PUKHYAYellowFloralPrintA-LineMidiDress1.jpg",PUKHYA,Cotton A-Line Ethnic Dresses
https://www.myntra.com/ethnic-dresses/taavi/taavi-bagru-printed-printed-a-line-pure-cotton-ethnic-dresses/27361830/buy,"https://assets.myntassets.com/dpr_2,q_60,w_210,c_limit,fl_progressive/assets/images/27361830/2024/6/12/f883534f-1598-4446-86e0-94e86cc413ec1718191773162-Taavi-Women-Ethnic-Dresses-8191718191772764-1.jpg",Taavi,Bagru Printed Ethnic Dresses
https://www.myntra.com/dresses/stylecast/stylecast-floral-printed-shoulder-straps-bodycon-dresses/26770354/buy,"https://assets.myntassets.com/dpr_2,q_60,w_210,c_limit,fl_progressive/assets/images/26770354/2024/1/4/c8480678-6ba5-481e-9785-9a42a198f2c91704341974515StyleCastYellowDress1.jpg",StyleCast,Floral Printed Bodycon Dresses
https://www.myntra.com/ethnic-dresses/juniper/juniper-printed-cotton-tiered-maxi-length-ethnic-dresses/22939710/buy,"https://assets.myntassets.com/dpr_2,q_60,w_210,c_limit,fl_progressive/assets/images/22939710/2023/4/28/873b30b4-d4ef-4f6f-8376-81656626fd5a1682676847651JuniperWomenSBabyPinkCottonVoilePrintedTieredMaxiDress1.jpg",Juniper,Printed Tiered Ethnic Dresses
https://www.myntra.com/dresses/deebaco/deebaco-square-neck-tiered-fit--flare-maxi-dress/23722580/buy,"https://assets.myntassets.com/dpr_2,q_60,w_210,c_limit,fl_progressive/assets/images/23722580/2023/6/22/c2897c8b-ac24-4c40-8d7d-d759541e2b451687429626945DEEBACOMaroonPuffSleeveMaxiDress1.jpg",DEEBACO,Fit & Flare Maxi Dress
https://www.myntra.com/dresses/trendyol/trendyol-women-print-maxi-dress/27677982/buy,"https://assets.myntassets.com/dpr_2,q_60,w_210,c_limit,fl_progressive/assets/images/27677982/2024/2/20/5f09fda8-0878-450b-b585-533dbd3509831708421434185TrendyolPrintMaxiDress1.jpg",Trendyol,Women Print Maxi Dress
https://www.myntra.com/ethnic-dresses/mialo+fashion/mialo-fashion-floral-printed-fit-and-flare-maternity-ethnic-dresses-with-dupatta/26703996/buy,"https://assets.myntassets.com/dpr_2,q_60,w_210,c_limit,fl_progressive/assets/images/26703996/2023/12/28/b2139437-7dd6-46e3-9507-5a6ba7672b521703758191327KurtaSets1.jpg",Mialo fashion,Ethnic Dresses With Dupatta
https://www.myntra.com/dresses/mast+%26+harbour/mast--harbour-women-navy-blue--white-striped-a-line-dress/13391600/buy,"https://assets.myntassets.com/dpr_2,q_60,w_210,c_limit,fl_progressive/assets/images/13391600/2021/2/9/33d62191-3477-4a4f-a043-bf3322f611381612864198974-Mast--Harbour-Women-Navy-Blue-Striped-A-Line-Dress-681612864-5.jpg",Mast & Harbour,Striped A-Line Dress
https://www.myntra.com/ethnic-dresses/taavi/taavi-kalamkari-ethnic-motifs-printed-a-line-pure-cotton-ethnic-dresses/23873642/buy,"https://assets.myntassets.com/dpr_2,q_60,w_210,c_limit,fl_progressive/assets/images/23873642/2023/12/5/7c2d76d8-93a0-48fa-824a-98574f2e4e291701773070504-Taavi-Women-Ethnic-Dresses-2471701773070145-1.jpg",Taavi,Kalamkari Ethnic Dress
https://www.myntra.com/ethnic-dresses/taavi/taavi-pure-cotton-printed-bagru-maxi-ethnic-dresses/21513870/buy,"https://assets.myntassets.com/dpr_2,q_60,w_210,c_limit,fl_progressive/assets/images/21513870/2023/12/15/67444f74-08a6-4814-aef4-b9d5a3e0fd571702638241974-Taavi-Women-Ethnic-Dresses-9231702638241554-1.jpg",Taavi,Bagru Maxi Ethnic Dresses
https://www.myntra.com/dresses/athena/athena-women-embellished-sleeveless-sheath-midi-dress/20195290/buy,"https://assets.myntassets.com/dpr_2,q_60,w_210,c_limit,fl_progressive/assets/images/20195290/2022/9/28/b3769fb6-515b-4161-a91b-2b4337f522af1664353103009AthenaMaroonSideSlitEmbellishedDresswithBackKeyhole1.jpg",Athena,Embellished Sheath Midi Dress
https://www.myntra.com/ethnic-dresses/pukhya/pukhya-floral-printed-tiered-a-line-ethnic-dresses/25440338/buy,"https://assets.myntassets.com/dpr_2,q_60,w_210,c_limit,fl_progressive/assets/images/25440338/2023/10/11/753d32f0-7d1a-4569-9ff5-821bb97eb30f1697012745959PUKHYAWomensViscoseRoundNeckSolidEmbroideredTierDressFitFlar1.jpg",PUKHYA,Floral A-Line Ethnic Dresses
https://www.myntra.com/ethnic-dresses/kalini/kalini-ethnic-motifs-printed-embroidered-detail-a-line-ethnic-dresses/25509326/buy,"https://assets.myntassets.com/dpr_2,q_60,w_210,c_limit,fl_progressive/assets/images/25509326/2023/10/17/3b2982d9-826b-4610-b36b-0f1d3dd52e461697522467909KALINIWomenBlueEthnicMotifsPrintedSequinnedFloralAnarkaliKur1.jpg",KALINI,Printed A-Line Ethnic Dresses
https://www.myntra.com/dresses/souchii/souchii-floral-printed-mandarin-collar-chiffon-a-line-midi-dresses/28898586/buy,"https://assets.myntassets.com/dpr_2,q_60,w_210,c_limit,fl_progressive/assets/images/28898586/2024/4/13/3e58179d-62bc-4f09-9820-fda515efd22a1712990213694SouchiiDress1.jpg",Souchii,Printed A-Line Midi Dresses
https://www.myntra.com/ethnic-dresses/black+%26+blah+blah/black--blah-blah-printed-cotton-flared-ethnic-midi-gown-dresses-/27950182/buy,"https://assets.myntassets.com/dpr_2,q_60,w_210,c_limit,fl_progressive/assets/images/27950182/2024/2/29/984aa26f-2c36-4cd7-8664-43fb086f0eee1709208024537WomenA-LinePrintedCottonEthnicDresses1.jpg",BLACK & BLAH BLAH,Printed Midi Ethnic Dresses
https://www.myntra.com/dresses/styli/styli-puffed-sleeves-cut-out-maxi-dress/23523770/buy,"https://assets.myntassets.com/dpr_2,q_60,w_210,c_limit,fl_progressive/assets/images/23523770/2023/6/5/a40ea635-d40e-434d-8f02-990590c9352c1685939871753StyliPinkCold-ShoulderMaxiDress1.jpg",Styli,Cut-Out Maxi Dress
https://www.myntra.com/dresses/lulu+%26+sky/lulu--sky-women-maxi-dress/29627852/buy,"https://assets.myntassets.com/dpr_2,q_60,w_210,c_limit,fl_progressive/assets/images/29627852/2024/5/17/8a3092f4-0ae3-4c78-bca5-76b8e5a925061715966223388LULUSKYMaxiDress1.jpg",LULU & SKY,Maxi Dress
https://www.myntra.com/ethnic-dresses/chandbaali/chandbaali-chevron-printed-tiered-midi-ethnic-dresses/28206460/buy,"https://assets.myntassets.com/dpr_2,q_60,w_210,c_limit,fl_progressive/assets/images/28206460/2024/3/12/173959f0-969e-4f1b-bea2-9727b2a0f16e1710239652115EthnicDresses1.jpg",Chandbaali,Chevron Printed Ethnic Dresses
https://www.myntra.com/dresses/pluss/pluss-pink-smocked-printed-fit--flare-dress/20554706/buy,"https://assets.myntassets.com/dpr_2,q_60,w_210,c_limit,fl_progressive/assets/images/20554706/2022/11/10/e333b78c-ab73-4c72-954a-cce6d3fec1ba1668077065337-plusS-Women-Dresses-1731668077064844-1.jpg",plusS,Printed Fit & Flare Dress
https://www.myntra.com/ethnic-dresses/souchii/souchii-geometric-printed-boat-neck-midi-ethnic-dresses/28044878/buy,"https://assets.myntassets.com/dpr_2,q_60,w_210,c_limit,fl_progressive/assets/images/28044878/2024/3/5/38054138-789c-4776-84aa-c1a01b3aab481709630420457SouchiiDress1.jpg",Souchii,Printed Midi Ethnic Dresses
https://www.myntra.com/ethnic-dresses/taavi/taavi-pure-cotton-printed-ajrakh-wrap-ethnic-dresses/21513964/buy,"https://assets.myntassets.com/dpr_2,q_60,w_210,c_limit,fl_progressive/assets/images/21513964/2023/12/15/6069c8b0-01eb-4479-bc4e-74e17262ed301702638250609-Taavi-Women-Ethnic-Dresses-1471702638250212-1.jpg",Taavi,Ajrakh Wrap Ethnic Dresses
https://www.myntra.com/dresses/athena/athena-women-bright-pink-solid-pleated-form-dress/17650672/buy,"https://assets.myntassets.com/dpr_2,q_60,w_210,c_limit,fl_progressive/assets/images/17650672/2022/4/1/34c45f03-aaf5-404d-a133-3283c8bb1c181648806890275-Athena-Pink-pleated-off-shoulder-maxi-dress-6651648806889771-1.jpg",Athena,Solid Pleated Form Dress
https://www.myntra.com/dresses/h%26m/hm-smoked-bodycon-dresses/25358024/buy,"https://assets.myntassets.com/dpr_2,q_60,w_210,c_limit,fl_progressive/assets/images/25358024/2023/10/6/0508b6eb-e8e9-4fc9-8a12-e99270eab2ce1696601415918HMSmokedBodyconDresses1.jpg",H&M,Smoked Bodycon Dresses
https://www.myntra.com/ethnic-dresses/here%26now/-herenow-tiered-flared-midi-ethnic-dresses/29928667/buy,"https://assets.myntassets.com/dpr_2,q_60,w_210,c_limit,fl_progressive/assets/images/29928667/2024/6/8/ebe591f8-3468-4278-9947-d653d71d066b1717862890938PinkViscoseTieredFlaredDress1.jpg",HERE&NOW,Flared Midi Ethnic Dresses
https://www.myntra.com/ethnic-dresses/crafiqa/crafiqa-women-coffee-brown--blue-printed-cotton-a-line-maternity--nursing-ethnic-dresses/20774520/buy,"https://assets.myntassets.com/dpr_2,q_60,w_210,c_limit,fl_progressive/assets/images/20774520/2022/11/16/a3240ea8-f1f1-4ac3-a6a2-1bbdf72be7c51668594256331FloralPrintedMaternityNursingCottonKurta1.jpg",CRAFIQA,Women Cotton Maternity Dresses
https://www.myntra.com/ethnic-dresses/nitvan/nitvan-floral-printed-pleated-detail-maternity-cotton-fit-and-flare-ethnic-dresses/24908982/buy,"https://assets.myntassets.com/dpr_2,q_60,w_210,c_limit,fl_progressive/assets/images/24908982/2023/9/11/1d721f07-6105-4398-abfb-28230d8622821694421529359NITVANWomenMulticolouredFloralPrintedThreadWorkBlockPrintMat1.jpg",NITVAN,Printed Cotton Ethnic Dresses
https://www.myntra.com/dresses/styli/styli-floral-printed-maxi-dress/21794498/buy,"https://assets.myntassets.com/dpr_2,q_60,w_210,c_limit,fl_progressive/assets/images/21794498/2023/2/1/949869b5-3de0-44d5-b06e-2bf4b5d7c44d1675246709740FrillSleeveFloralPrintLayeredMaxiDress1.jpg",Styli,Floral Printed Maxi Dress
https://www.myntra.com/dresses/lulu+%26+sky/lulu--sky-women-maxi-dress/28886076/buy,"https://assets.myntassets.com/dpr_2,q_60,w_210,c_limit,fl_progressive/assets/images/28886076/2024/4/12/6351efe5-7843-412f-9f18-69609eb2c8bc1712913433325LULUSKYMaxiDress1.jpg",LULU & SKY,Maxi Dress
https://www.myntra.com/dresses/trendyol/trendyol-women-backless-bodycon-midi-dress/27677692/buy,"https://assets.myntassets.com/dpr_2,q_60,w_210,c_limit,fl_progressive/assets/images/27677692/2024/2/20/95c3d0c9-ef82-4688-85c1-de7be113533b1708396858594TrendyolBodyconMidiDress1.jpg",Trendyol,Bodycon Midi Dress
https://www.myntra.com/dresses/athena/athena-green-striped-puff-sleeve-ruffled-georgette-a-line-midi-dress/29164032/buy,"https://assets.myntassets.com/dpr_2,q_60,w_210,c_limit,fl_progressive/assets/images/29164032/2024/4/24/5d08501b-118c-4cc2-866e-e36122bfc4fe1713959858803AthenaStripedRuffledGeorgetteA-LineDress1.jpg",Athena,Georgette A-Line Midi Dress
https://www.myntra.com/ethnic-dresses/dressberry/dressberry-teal-green-geometric-embroidered-flared-sleeve-fit--flare-maxi-ethnic-dresses/24937572/buy,"https://assets.myntassets.com/dpr_2,q_60,w_210,c_limit,fl_progressive/assets/images/24937572/2023/9/13/0203cddd-e717-4286-a478-244bbff7a6901694589805902DressBerryTealEmbellishedFlaredSleeveGeorgetteA-LineMidiDres1.jpg",DressBerry,Geometric Maxi Ethnic Dresses
https://www.myntra.com/ethnic-dresses/kaajh/kaajh-women-turquoise-blue-printed-cotton-ethnic-dresses/19816856/buy,"https://assets.myntassets.com/dpr_2,q_60,w_210,c_limit,fl_progressive/assets/images/19816856/2022/9/8/92b3c63b-3629-4ce8-81f9-abac6a2ca4cf1662617059302KAAJHWomenTurquoiseBluePrintedCottonEthnicDresses1.jpg",KAAJH,Women Printed Cotton Ethnic Dresses
https://www.myntra.com/dresses/colour+me+by+melange/colour-me-by-melange-floral-print-shirt-collar-shirt-midi-dress/28884866/buy,"https://assets.myntassets.com/dpr_2,q_60,w_210,c_limit,fl_progressive/assets/images/28884866/2024/4/12/b7ff7052-bfdd-4008-89dc-e7321f83b5b31712912148530ColourMebyMelangeFloralPrintShirtMidiDress1.jpg",Colour Me by Melange,Floral Print Shirt Midi Dress
https://www.myntra.com/ethnic-dresses/stylum/stylum-printed-flared-ethnic-dresses/29718182/buy,"https://assets.myntassets.com/dpr_2,q_60,w_210,c_limit,fl_progressive/assets/images/29718182/2024/5/22/77cbefcc-dd60-47c5-96aa-a5bc2da5138c1716388436182WomensFloralPrintedRayonFlaredKurta1.jpg",Stylum,Printed Flared Ethnic Dresses
https://www.myntra.com/dresses/ambraee/ambraee-women-striped-midi-dress/19180042/buy,"https://assets.myntassets.com/dpr_2,q_60,w_210,c_limit,fl_progressive/assets/images/19180042/2022/7/20/eda7df9b-99eb-4880-b561-cbfcbbd4fc751658290629814Dresses1.jpg",Ambraee,Women Striped Midi Dress
